doi,halId,hal_coverage,upw_coverage,title,hal_docType,hal_location,hal_openAccess_bool,hal_submittedDate,hal_licence,hal_selfArchiving,hal_domain,published_date,published_year,journal_name,journal_issns,publisher,genre,journal_issn_l,oa_status,upw_location,version,suspicious_journal,licence,journal_is_in_doaj,journal_is_oa,author_count,is_paratext
10.1007/1-84628-048-6_7,hal-01555279,in,oa,Acoustic diffraction patterns from fractal to urban structures: applications to the Sierpinski triangle and to a neoclassical urban facade,COUV,file,True,2017-07-03 22:07:35,,True,"['0.math', '0.spi']",2005,2005.0,Fractals in Engineering,False,Springer-Verlag,book-chapter,,green,repository,submittedVersion,,,,,1.0,
10.1007/978-3-030-76694-8,halshs-03329497,in,closed,Experiential Walks for Urban Design,DOUV,notice,False,2021-08-31 09:09:49,,True,['0.shs'],2021-01-01,2021.0,Springer Tracts in Civil Engineering,"2366-259X,2366-2603",Springer International Publishing,book,2366-2603,closed,,,,,,,3.0,
10.1007/978-3-030-76694-8_12,halshs-03329818,in,closed,Capturing Chromatic Effects in Urban Environment,COUV,notice,False,2021-08-31 12:02:20,,True,['0.shs'],2021-01-01,2021.0,Springer Tracts in Civil Engineering,"2366-259X,2366-2603",Springer International Publishing,book-chapter,2366-2603,closed,,,,,,,3.0,
10.1007/978-3-642-10595-1_5,halshs-01092994,in,closed,TAnaTo2: A Tool to Evaluate the Impact of Natural and Anthropogenic Artefacts with a TIN-Based Model,COUV,notice,False,2014-12-09 21:38:08,,True,['0.shs'],2011-10-27,2011.0,Geospatial Free and Open Source Software in the 21st Century,"1863-2246,1863-2351",Springer Berlin Heidelberg,book-chapter,1863-2246,closed,,,,,,,2.0,
10.1007/978-3-642-19789-5_14,hal-01347341,in,oa,Towards a “typification” of the Pedestrian Surrounding Space: Analysis of the Isovist Using Digital processing Method,COUV,file,True,2016-07-25 14:17:19,,True,"['0.info', '0.shs', '0.sde']",2011-01-01,2011.0,Advancing Geoinformation Science for a Changing World,"1863-2246,1863-2351",Springer Berlin Heidelberg,book-chapter,1863-2246,green,repository,submittedVersion,,,,,3.0,
10.1007/978-3-642-29063-3_18,hal-01347299,in,oa,Towards Urban Fabrics Characterization Based on Buildings Footprints,COUV,file,True,2016-07-20 17:13:14,,True,"['0.info', '0.shs', '0.sde']",2012-01-01,2012.0,Bridging the Geographic Information Sciences,"1863-2246,1863-2351",Springer Berlin Heidelberg,book-chapter,1863-2246,green,repository,submittedVersion,,,,,3.0,
10.1007/978-3-642-31833-7_16,hal-01347216,in,oa,A New Method to Characterize Density Adapted to a Coarse City Model,COUV,file,True,2016-07-20 15:55:10,,True,"['0.info', '0.shs', '0.sde']",2013-12-05,2013.0,Information Fusion and Geographic Information Systems (IF AND GIS 2013),"1863-2246,1863-2351",Springer Berlin Heidelberg,book-chapter,1863-2246,green,repository,submittedVersion,,,,,3.0,
10.1007/978-3-658-11492-3_11,hal-02558010,in,closed,Die Bedeutung von Alltagsästhetik im Kontext der Polarisierung und Hybridisierung von Städten,COUV,notice,False,2020-04-29 10:46:48,,True,['0.shs'],2015-11-25,2015.0,Fraktale Metropolen,"2509-3789,2509-3797",Springer Fachmedien Wiesbaden,book-chapter,2509-3797,closed,,,,,,,1.0,
10.1007/978-3-7091-1251-9_6,hal-01501962,in,closed,"Concurrent Geometric, Structural and Environmental Design: Louvre Abu Dhabi",COUV,notice,False,2017-04-04 18:16:27,,True,"['0.info', '0.shs']",2013-01-01,2013.0,Advances in Architectural Geometry 2012,False,Springer Vienna,book-chapter,,closed,,,,,,,6.0,
10.1007/978-94-007-2540-9_2,hal-01347313,in,oa,Environmental impact assessment of urban mobility plan: a methodology including socio-economic consequences,COUV,notice,True,2016-07-20 17:38:40,,True,['0.sde'],2011-12-10,2011.0,Alliance for Global Sustainability Bookseries,1571-4780,Springer Netherlands,book-chapter,1571-4780,green,repository,submittedVersion,,,,,28.0,
10.1108/s1871-317320190000016014,hal-02557981,in,closed,The Effects of Atmospheres,COUV,notice,False,2020-04-29 10:30:17,,True,['0.shs'],2019-11-29,2019.0,"Atmospheric Turn in Culture and Tourism: Place, Design and Process Impacts on Customer Behaviour, Marketing and Branding",1871-3173,Emerald Publishing Limited,book-chapter,1871-3173,closed,,,,,,,1.0,
10.1142/9789812702746_0018,hal-01552973,in,oa,FRACTAL SCATTERING INDICATORS FOR URBAN SOUND DIFFUSION,COUV,file,True,2017-07-03 12:40:02,,True,"['0.math', '0.spi']",2004-03-01,2004.0,Thinking in Patterns,False,WORLD SCIENTIFIC,proceedings-article,,green,repository,submittedVersion,,,,,1.0,
10.1145/3423603.3424057,hal-03258021,in,oa,Machine learning for optimized buildings morphosis,DOUV,file,True,2021-06-11 11:47:31,http://creativecommons.org/licenses/by-nc-nd/,True,"['0.shs', '0.info']",2020-10-15,2020.0,Proceedings of the 2nd International Conference on Digital Tools & Uses Congress,False,ACM,proceedings-article,,green,repository,publishedVersion,,cc-by-nc-nd,,,2.0,
10.4000/ambiances.738,halshs-01958336,in,oa,L’Ambiance et l’histoire de l’architecture : l’expérience et l’imaginaire sensibles de l’environnement construit [coord. dossier N° 2 de Ambiances journal ],DOUV,notice,True,2018-12-17 23:02:52,,True,['0.shs'],2016-11-07,2016.0,Ambiances,2266-839X,OpenEdition,journal-issue,2266-839X,gold,publisher,publishedVersion,,cc-by-nc-nd,True,True,3.0,
10.4000/craup.2546,hal-02474409,in,oa,Architectures des milieux hyper-conditionnés / Architectures of hyper-conditioned environments,DOUV,notice,True,2020-02-11 12:54:52,,True,['0.shs'],2019-11-27,2019.0,"Cahiers de la recherche architecturale, urbaine et paysagère",2606-7498,OpenEdition,journal-issue,2606-7498,gold,publisher,publishedVersion,,cc-by-nc-nd,True,True,2.0,
,hal-00488996,in,,La ville durable au risque de l'histoire.,DOUV,notice,False,2010-06-03 15:44:48,,False,['0.shs'],2006,2006.0,,False,,,,,,,,,,,3.0,
,hal-00785613,in,,La réalité virtuelle,COUV,notice,False,2013-02-06 15:06:33,,True,['0.info'],2001-11,2001.0,,False,,,,,,,,,,,2.0,
,hal-00911154,in,,Morale et politique dans le monument historique,COUV,file,True,2013-11-28 18:31:03,,True,['0.shs'],2013,2013.0,,False,,,,,,,,,,,2.0,
,hal-00923807,in,,Introduction,COUV,file,True,2014-01-04 21:48:31,,True,['0.shs'],2009,2009.0,,False,,,,,,,,,,,2.0,
,hal-00923808,in,,L'écoute-en-action,COUV,file,True,2014-01-04 21:58:03,,True,['0.shs'],2009,2009.0,,False,,,,,,,,,,,1.0,
,hal-00968248,in,,Réalité virtuelle - Concepts et outils,COUV,notice,False,2014-03-31 16:46:30,,True,['0.info'],2014-02-10,2014.0,,False,,,,,,,,,,,3.0,
,hal-00975415,in,,Amiens 2030 - Le quotidien en projets,DOUV,file,True,2017-05-09 12:03:28,,True,['0.shs'],2013-01-01,2013.0,,False,,,,,,,,,,,31.0,
,hal-00993760,in,,"Des jardins pour ménager les bords de route et de voie ferrée. Actes du Séminaire de recherche, Grenoble, 17 décembre 2012",DOUV,file,True,2020-01-30 15:02:00,,False,['0.shs'],2013,2013.0,,False,,,,,,,,,,,3.0,
,hal-00993761,in,,"Matérialités contemporaines = Materiality in its contemporary forms : architecture, perception, fabrication, conception. MC 2012 Symposium, Villefontaine, novembre 2012",DOUV,notice,False,2014-05-20 16:10:13,,False,['0.shs'],2012,2012.0,,False,,,,,,,,,,,2.0,
,hal-00993762,in,,Ce qu'il reste,DOUV,notice,False,2014-05-20 16:10:25,,False,['0.shs'],2006,2006.0,,False,,,,,,,,,,,2.0,
,hal-00993763,in,,"Ambiance(s). Ville, architecture, paysages. [coord. du dossier, N° 113 de Culture et Recherche]",DOUV,file,True,2017-07-08 15:51:12,,True,['0.shs'],2007,2007.0,Culture et recherche,"0765-5991,1950-629",Paris : Ministère de la Culture et de la Communication,,,,,,,,,,2.0,
,hal-00993764,in,,"Marcher en ville : livret audio. Actes sonores du séminaire tenu à l'ENSAG les 3 juillet 2007, 13 novembre 2007 et 15 janvier 2008",DOUV,notice,False,2014-05-20 16:10:46,,True,['0.shs'],2008,2008.0,,False,,,,,,,,,,,1.0,
,hal-00993765,in,,Ambiances urbaines en partage. Pour une écologie sociale de la ville sensible,DOUV,notice,False,2014-05-20 16:11:00,,False,['0.shs'],2013,2013.0,,False,,,,,,,,,,,2.0,
,hal-00993766,in,,Les bruits de la ville,DOUV,notice,False,2016-01-04 14:35:25,,False,['0.shs'],2014-04-12,2014.0,,False,,,,,,,,,,,1.0,
,hal-00993768,in,,"Sonic experience, a guide to everyday sounds",DOUV,notice,False,2014-05-20 16:11:56,,False,['0.shs'],2006,2006.0,,False,,,,,,,,,,,2.0,
,hal-00995435,in,,L'imaginaire au passage,COUV,file,True,2017-07-21 09:54:10,http://creativecommons.org/licenses/by-nc-nd/,False,['0.shs'],2007,2007.0,,False,,,,,,,,,,,1.0,
,hal-00995439,in,,Vers un modèle écologique d'analyse et de projet,COUV,notice,False,2014-05-23 12:12:43,,False,['0.shs'],2011,2011.0,,False,,,,,,,,,,,1.0,
,hal-00995443,in,,Kunst im Rohzustand,COUV,notice,False,2014-05-23 12:12:47,,False,['0.shs'],2010,2010.0,,False,,,,,,,,,,,1.0,
,hal-00995444,in,,Contribution,COUV,notice,False,2014-05-23 12:12:48,,False,['0.shs'],2005,2005.0,,False,,,,,,,,,,,1.0,
,hal-00995447,in,,Ambiance(s) de gare et imaginaire ferroviaire,COUV,notice,False,2014-05-23 12:12:51,,False,['0.shs'],2007,2007.0,,False,,,,,,,,,,,1.0,
,hal-00995460,in,,L'architecture comme engagement sensible,COUV,notice,False,2014-05-23 12:13:03,,False,['0.shs'],2012,2012.0,,False,,,,,,,,,,,1.0,
,hal-00995470,in,,La conception d'ambiances nocturnes : de l'enquête sociologique au projet,COUV,notice,False,2014-05-23 12:13:21,,False,['0.shs'],2009,2009.0,,False,,,,,,,,,,,3.0,
,hal-00995473,in,,Atmosphären. Konzept für einen nicht repräsentationellen Zugang zum Raum,COUV,notice,False,2014-05-23 12:13:24,,True,['0.shs'],2007,2007.0,,False,,,,,,,,,,,1.0,
,hal-00995474,in,,Temporäre Projekte und ihre längerfristigen Bedeutungen für die Stadtentwicklung. Wahrnehmungsgeographische Überlegungen,COUV,notice,False,2014-05-23 12:13:25,,True,['0.shs'],2011,2011.0,,False,,,,,,,,,,,1.0,
,hal-00995475,in,,Einkaufsatmosphären. Eine alltagsästhetische Konzeption,COUV,notice,False,2014-05-23 12:13:28,,True,['0.shs'],2013,2013.0,,False,,,,,,,,,,,1.0,
,hal-00995476,in,,Farbe und Atmosphäre in öffentlichen Räumen,COUV,notice,False,2014-05-23 12:13:42,,True,['0.shs'],2013,2013.0,,False,,,,,,,,,,,1.0,
,hal-00995478,in,,Vers une culturalisation de la recherche sur les ambiances,COUV,notice,False,2014-05-23 12:13:44,,True,['0.shs'],2013,2013.0,,False,,,,,,,,,,,1.0,
,hal-00995479,in,,Gestes et registres d'action,COUV,notice,False,2014-05-23 12:13:45,,False,['0.shs'],2008,2008.0,,False,,,,,,,,,,,1.0,
,hal-00995483,in,,Nycthéméral,COUV,notice,False,2014-05-23 12:13:49,,False,['0.shs'],2010,2010.0,,False,,,,,,,,,,,1.0,
,hal-00995484,in,,Habiter son jardin en milieu urbain dense,COUV,notice,False,2014-05-23 12:13:50,,False,['0.shs'],2012,2012.0,,False,,,,,,,,,,,1.0,
,hal-00995485,in,,"Les jardins en bord d'infrastructures de transport : ambiance et écologie, une approche croisée",COUV,notice,False,2014-05-23 12:13:51,,False,['0.shs'],2013,2013.0,,False,,,,,,,,,,,2.0,
,hal-00995489,in,,Episode,COUV,notice,False,2014-05-23 12:13:55,,False,['0.shs'],2007,2007.0,,False,,,,,,,,,,,1.0,
,hal-00995492,in,,"Les dimensions sonores de la fête en Haute Provence : Digne les Bains, Thoard",COUV,notice,False,2014-05-23 12:13:58,,False,['0.shs'],2014,2014.0,,False,,,,,,,,,,,1.0,
,hal-00995496,in,,Die Klangkomposition der Stadt,COUV,notice,False,2014-05-23 12:14:03,,False,['0.shs'],2011,2011.0,,False,,,,,,,,,,,1.0,
,hal-00995497,in,,The three dynamics of urban ambiances,COUV,file,True,2017-07-10 18:01:11,http://creativecommons.org/licenses/by-nc-nd/,False,['0.shs'],2011,2011.0,,False,,,,,,,,,,,1.0,
,hal-00995500,in,,Por uma gramática geradora das ambiências,COUV,file,True,2017-07-10 17:43:44,http://creativecommons.org/licenses/by-nc-nd/,False,['0.shs'],2012,2012.0,,False,,,,,,,,,,,1.0,
,hal-00995502,in,,"Ambiances urbaines, écologie sensible",COUV,file,True,2017-07-11 15:34:41,http://creativecommons.org/licenses/by-nc-nd/,False,['0.shs'],2013,2013.0,,False,,,,,,,,,,,1.0,
,hal-00995507,in,,"The recuperation of public space : a closer look at Bogotá, Colombia",COUV,file,True,2017-07-08 16:11:39,,True,['0.shs'],2012,2012.0,,False,,,,,,,,,,,6.0,
,hal-00995510,in,,Préface,COUV,file,True,2016-02-16 11:22:22,http://creativecommons.org/licenses/by-nc-nd/,False,['0.shs'],2008,2008.0,,False,,,,,,,,,,,1.0,
,hal-00995914,in,,Tordre l'attention. Ajustements perceptifs en situation,COUV,file,True,2014-05-25 17:25:42,,True,['0.shs'],2014,2014.0,,False,,,,,,,,,,,1.0,
,hal-01113932,in,,L'énigme des ambiances en partage,COUV,file,True,2015-02-06 15:46:36,http://creativecommons.org/licenses/by-nc-nd/,True,['0.shs'],2013,2013.0,,False,,,,,,,,,,,1.0,
,hal-01141840,in,,"L’expérience sonore des lieux Spécificités, approches, enjeux : introduction",COUV,notice,False,2015-04-13 21:26:22,,False,['0.shs'],2014,2014.0,,False,,,,,,,,,,,1.0,
,hal-01168250,in,,"Natures d'ambiances en bord de routes : collectifs de jardins, dépendances routières et trame verte urbaine",COUV,notice,False,2015-06-25 14:47:14,,False,['0.shs'],2015,2015.0,,False,,,,,,,,,,,2.0,
,hal-01213548,in,,Concevoir l'architecture commerciale à partir des ambiances,COUV,file,True,2015-10-08 16:07:23,http://creativecommons.org/licenses/by-nc-nd/,True,['0.shs'],2014,2014.0,,False,,,,,,,,,,,1.0,
,hal-01213565,in,,Inscription de l'architecture commerciale,COUV,file,True,2015-10-08 21:33:57,http://creativecommons.org/licenses/by-nc-nd/,True,['0.shs'],2013,2013.0,,False,,,,,,,,,,,1.0,
,hal-01241177,in,,Marche et environnements urbains contrastés. Perspectives internationales et interdisciplinaires,DOUV,notice,False,2015-12-10 09:44:06,,True,['0.shs'],2015-12-01,2015.0,,False,,,,,,,,,,,4.0,
,hal-01274986,in,,La construction du chez-soi dans la transition énergétique : entre conceptions de la performance et pratiques habitantes,DOUV,file,True,2016-02-22 12:35:39,,True,['0.shs'],2015-10,2015.0,,False,,,,,,,,,,,4.0,
,hal-01295465,in,,Catégories d'analyse de l'environnement urbain,COUV,notice,False,2016-03-31 10:13:47,,True,['0.shs'],2001,2001.0,,False,,,,,,,,,,,1.0,
,hal-01295476,in,,L'hypothèse des formants,COUV,notice,False,2016-03-31 10:31:09,,True,['0.shs'],2004,2004.0,,False,,,,,,,,,,,1.0,
,hal-01324078,in,,Les crieurs publics,COUV,notice,False,2016-05-31 15:43:09,,False,['0.shs'],2015,2015.0,,False,,,,,,,,,,,1.0,
,hal-01347499,in,,"Towards a mixed approach combining visibility and mobility studies to analyze the Eleftheria Square, Nicosia (CY)",COUV,file,True,2016-07-21 10:50:51,,True,"['0.info', '0.shs', '0.sde']",2012,2012.0,,False,,,,,,,,,,,2.0,
,hal-01347580,in,,"Usage, Usability, and Utility of 3D City Models – European COST Action TU0801",DOUV,notice,False,2016-07-21 11:37:30,,True,"['0.info', '0.shs', '0.sde']",2012,2012.0,,False,,,,,,,,,,,3.0,
,hal-01358228,in,,L'usager dans la construction métropolitaine nantaise,COUV,file,True,2020-03-12 16:01:32,http://creativecommons.org/licenses/by-nc-nd/,True,['0.shs'],2015-10,2015.0,,False,,,,,,,,,,,1.0,
,hal-01373799,in,,La qualité sonore des espaces habités / Sonic quality in the living environment,DOUV,file,True,2018-10-25 12:19:23,,False,['0.shs'],1992,1992.0,,False,,,,,,,,,,,35.0,
,hal-01459043,in,,"Aτμόσφαιρες, αύριο. Ambiances, demain. Ambiances, tomorrow",DOUV,file,True,2017-11-10 13:46:10,,False,['0.shs'],2016,2016.0,,False,,,,,,,,,,,2.0,
,hal-01488320,in,,Traversées urbaines,DOUV,notice,False,2017-05-12 09:53:00,,True,['0.shs'],2015,2015.0,,False,,,,,,,,,,,2.0,
,hal-01502105,in,,L’imaginaire filmique de jeunes architectes,COUV,file,True,2017-04-05 09:48:34,,True,['0.shs'],2015,2015.0,,False,,,,,,,,,,,2.0,
,hal-01518091,in,,Le transect urbain. Pour une écriture corrélée des ambiances et de l’environnement,COUV,file,True,2017-05-04 11:29:37,,False,['0.shs'],2016,2016.0,,False,,,,,,,,,,,1.0,
,hal-01518094,in,,Le même et le différent,COUV,file,True,2017-05-19 19:18:38,,False,['0.shs'],2015,2015.0,,False,,,,,,,,,,,1.0,
,hal-01518097,in,,Parcours de lecture de la place Sainte-Claire,COUV,file,True,2017-09-14 14:32:58,,True,['0.shs'],1998,1998.0,,False,,,,,,,,,,,1.0,
,hal-01535908,in,,Soundspaces,DOUV,file,True,2017-06-17 17:18:47,,True,"['0.scco', '0.sde', '0.shs', '0.spi']",2014-12,2014.0,,False,,,,,,,,,,,5.0,
,hal-01552932,in,,Squaring the Circle,COUV,file,True,2017-07-03 12:24:49,,True,"['0.math', '0.spi']",2000,2000.0,,False,,,,,,,,,,,1.0,
,hal-01555295,in,,Balcony form; An approach to reduce sound pressure level into the building façade,COUV,notice,False,2017-07-03 23:41:04,,True,"['0.spi', '0.shs', '0.phys']",2003,2003.0,,False,,,,,,,,,,,2.0,
,hal-01561162,in,,Ambiance architecturale et urbaine,COUV,file,True,2017-07-12 14:16:21,http://creativecommons.org/licenses/by-nc-nd/,False,['0.shs'],2013,2013.0,,False,,,,,,,,,,,1.0,
,hal-01561723,in,,Ambiances urbaines et espaces publics,COUV,file,True,2017-07-13 11:35:06,http://creativecommons.org/licenses/by-nc-nd/,False,['0.shs'],2003,2003.0,,False,,,,,,,,,,,1.0,
,hal-01561759,in,,L'Identité sonore urbaine,COUV,file,True,2017-07-13 11:52:16,http://creativecommons.org/licenses/by-nc-nd/,False,['0.shs'],2003,2003.0,,False,,,,,,,,,,,1.0,
,hal-01566980,in,,The included third as urban project,COUV,file,True,2017-07-21 14:56:46,http://creativecommons.org/licenses/by-nc-nd/,False,['0.shs'],2000,2000.0,,False,,,,,,,,,,,1.0,
,hal-01590961,in,,Les mondes de l'architecture,DOUV,file,True,2017-09-20 15:02:43,http://creativecommons.org/licenses/by-nc-nd/,True,['0.shs'],2015,2015.0,Lieux Communs - Les Cahiers du LAUA,1779-5885,"LAUA (Langages, Actions Urbaines, Altérités - Ecole Nationale Supérieure d'Architecture de Nantes)",,,,,,,,,,2.0,
,hal-01640585,in,,Les espaces-temps de la mobilité labile,COUV,notice,False,2017-11-20 18:29:37,,False,['0.shs'],2014,2014.0,,False,,,,,,,,,,,2.0,
,hal-01640639,in,,"Entre urbanité, ambiances et pragmatisme : une écologie de l'ordre public",COUV,notice,False,2017-11-20 18:30:54,,False,['0.shs'],2012,2012.0,,False,,,,,,,,,,,2.0,
,hal-01653048,in,,"Parcourir pour projeter A l'entour du cimetière, un parcours au Crêt-de-Roch (Saint-Etienne) Lectures du site & enjeux de projet",COUV,file,True,2017-12-01 08:09:36,,True,"['0.shs', '0.sde']",2003,2003.0,,False,,,,,,,,,,,1.0,
,hal-01735431,in,,Villeneuve Échirolles en projets,COUV,file,True,2018-03-16 12:03:47,,True,['0.shs'],2015,2015.0,,False,,,,,,,,,,,2.0,
,hal-01812149,in,,"City, Architecture and Cinema. [coord. du dossier, N°34 Revue La Furia Umana]",DOUV,notice,False,2018-06-11 12:04:42,,True,['0.shs'],2018-06-12,2018.0,La Furia Umana,2255-2812,Duen de Bux,,,,,,,,,,2.0,
,hal-01812771,in,,"Virtual Reality, Augmented Reality: myths and realities",DOUV,notice,False,2018-06-11 18:14:21,,True,['0.info'],2018-03-26,2018.0,,False,,,,,,,,,,,3.0,
,hal-01846886,in,,Dockers à Nantes. L'expérience des itinéraires,DOUV,notice,False,2018-07-23 08:54:20,,True,"['0.shs', '0.sde']",2018-09,2018.0,,False,,,,,,,,,,,5.0,
,hal-01879570,in,,Des ambiances en passant,COUV,notice,False,2018-09-24 09:44:27,,False,['0.shs'],2012,2012.0,,False,,,,,,,,,,,3.0,
,hal-01879784,in,,The Sonic Attunement of Social Life,COUV,notice,False,2018-09-24 12:04:47,,False,['0.shs'],2017,2017.0,,False,,,,,,,,,,,1.0,
,hal-01879788,in,,Smellscape Design and Monitoring,COUV,notice,False,2018-09-24 12:04:50,,False,['0.shs'],2017,2017.0,,False,,,,,,,,,,,1.0,
,hal-01879790,in,,Heuristique et potentialités du sensible,COUV,file,True,2021-06-01 11:37:16,,False,['0.shs'],2016,2016.0,,False,,,,,,,,,,,2.0,
,hal-01879792,in,,Imprégnations de Tokyo,COUV,file,True,2021-06-01 11:43:57,,False,['0.shs'],2015,2015.0,,False,,,,,,,,,,,1.0,
,hal-01879793,in,,Prises et emprises de la ville sonore,COUV,notice,False,2018-09-24 12:04:55,,False,['0.shs'],2015,2015.0,,False,,,,,,,,,,,1.0,
,hal-01879795,in,,Installing an Atmosphere,COUV,notice,False,2018-09-24 12:04:56,,False,['0.shs'],2014,2014.0,,False,,,,,,,,,,,1.0,
,hal-01879803,in,,Prologue,COUV,notice,False,2018-09-24 12:15:05,,False,['0.shs'],2004,2004.0,,False,,,,,,,,,,,2.0,
,hal-01879811,in,,Visions pratiques en milieu urbain,COUV,notice,False,2018-09-24 12:15:11,,False,['0.shs'],2002,2002.0,,False,,,,,,,,,,,1.0,
,hal-01906640,in,,"Déplacement des mégalithes extraordinaires sur le littoral morbihanais, modèles d'embarcations et questions relatives à la navigation atlantique dès le V ème millénaire AVJC",COUV,file,True,2019-07-17 15:25:40,,True,['0.shs'],2016-11-15,2016.0,,False,,,,,,,,,,,7.0,
,hal-01913383,in,,SHS Web of Conferences - Proceedings SCAN’18 – 8e Séminaire de Conception Architecturale Numérique,DOUV,notice,False,2018-11-06 11:38:56,,True,"['0.info', '0.shs', '0.sde']",2018-10-23,2018.0,SHS Web of Conferences,2261-2424,EDP Sciences,,,,,,,,,,2.0,
,hal-01931440,in,,"Architecture Pratiques plurielles de la recherche. [coord. du dossier Représentations, N°138 Culture et Recherche]",DOUV,file,True,2018-11-22 17:51:26,http://creativecommons.org/licenses/by-nc-nd/,True,"['0.shs', '0.sde']",2018-11,2018.0,Culture et recherche,"0765-5991,1950-629",Paris : Ministère de la Culture et de la Communication,,,,,,,,,,2.0,
,hal-01935153,in,,Les compositions gravées en Beauce et Gâtinais,COUV,notice,False,2018-11-26 14:56:56,,False,['0.shs'],2017,2017.0,,False,,,,,,,,,,,4.0,
,hal-01961113,in,,Penser depuis la frontière. Introduction,COUV,notice,False,2018-12-19 17:03:15,,True,['0.shs'],2018,2018.0,,False,,,,,,,,,,,3.0,
,hal-01963014,in,,Réalité virtuelle et réalité augmentée : mythes et réalités,DOUV,notice,False,2018-12-21 09:27:08,,True,['0.info'],2018-09-01,2018.0,,False,,,,,,,,,,,3.0,
,hal-01967270,in,,L'usage des ambiances. Une épreuve sensible des situations,DOUV,notice,False,2018-12-30 20:51:25,,True,"['0.shs', '0.sde']",2021,2021.0,,False,,,,,,,,,,,4.0,
,hal-01972376,in,,La maîtrise de l'énergie dans les pratiques d'auto-réhabilitation en milieu rural,COUV,notice,False,2019-01-07 16:27:15,,True,['0.shs'],2018,2018.0,,False,,,,,,,,,,,4.0,
,hal-02016753,in,,Architecture et Numérique : l’usage contemporain des technologies de liaisons,DOUV,notice,False,2019-02-12 21:20:04,,True,['0.shs'],2014,2014.0,,False,,,,,,,,,,,3.0,
,hal-02068666,in,,Eurographics Workshop on Urban Data Modelling and Visualisation,DOUV,notice,False,2019-03-15 10:45:05,,True,"['0.info', '0.shs']",2013,2013.0,,False,,,,,,,,,,,2.0,
,hal-02068673,in,,UDMV14: Eurographics Workshop on Urban Data Modelling and Visualisation,DOUV,notice,False,2019-03-15 10:49:20,,True,"['0.info', '0.shs']",2014,2014.0,,False,,,,,,,,,,,2.0,
,hal-02068684,in,,UDMV15: Eurographics Workshop on Urban Data Modelling and Visualisation,DOUV,notice,False,2019-03-15 10:54:48,,True,"['0.info', '0.shs']",2015,2015.0,,False,,,,,,,,,,,2.0,
,hal-02068689,in,,UDMV16: Eurographics Workshop on Urban Data Modelling and Visualisation,DOUV,notice,False,2019-03-15 10:56:47,,True,"['0.info', '0.shs']",2016,2016.0,,False,,,,,,,,,,,2.0,
,hal-02104061,in,,Les facteurs sensoriels du sentiment d'insécurité,COUV,notice,False,2019-04-19 11:25:28,,False,['0.shs'],1992,1992.0,,False,,,,,,,,,,,4.0,
,hal-02104065,in,,Vers une esthétique des ambiances,COUV,file,True,2019-06-11 17:03:13,,False,['0.shs'],2004,2004.0,,False,,,,,,,,,,,1.0,
,hal-02104066,in,,La ville sonnante,COUV,file,True,2019-06-12 10:28:11,,False,['0.shs'],2015,2015.0,,False,,,,,,,,,,,1.0,
,hal-02105506,in,,The fabulous history of immersive devices,COUV,file,True,2019-05-19 11:59:18,http://creativecommons.org/licenses/by-nd/,True,['0.shs'],2019-03-15,2019.0,,False,,,,,,,,,,,1.0,
,hal-02135582,in,,"Noir-Neonoir-Postnoir. [coord. du dossier, N°36 Revue La Furia Umana]",DOUV,notice,False,2019-05-21 14:09:45,,False,['0.shs'],2019-04,2019.0,La Furia Umana,2255-2812,Duen de Bux,,,,,,,,,,3.0,
,hal-02164544,in,,Canopea ® prototype expérimental d'habitat solaire,COUV,file,True,2019-06-25 10:54:17,,False,['0.shs'],2015,2015.0,,False,,,,,,,,,,,1.0,
,hal-02164588,in,,The Soundscape of a City in the Nineteenth Century,COUV,file,True,2019-07-11 17:57:45,,False,['0.shs'],2016,2016.0,,False,,,,,,,,,,,1.0,
,hal-02172195,in,,Measuring distance in the monumentalities of the Neolithic in Western France,COUV,notice,False,2019-07-03 15:34:17,,False,['0.shs'],2019,2019.0,,False,,,,,,,,,,,7.0,
,hal-02444013,in,,"Construire ! Entre Antiquité et Époque contemporaine, actes du 3e Congrès francophone d’histoire de la construction",DOUV,notice,False,2020-01-17 15:23:21,,False,['0.shs'],2019,2019.0,,False,,,,,,,,,,,3.0,
,hal-02447202,in,,Séminaire Vidéo & Ambiance : Approches vidéographiques dans la recherche urbaine à travers le rythme,DOUV,notice,False,2020-01-21 14:37:41,http://creativecommons.org/licenses/by/,True,['0.shs'],2011,2011.0,,False,,,,,,,,,,,2.0,
,hal-02462082,in,,On the importance of habituation in the spatial mediality of smells,COUV,notice,False,2020-01-31 09:55:49,,False,['0.shs'],2021,2021.0,,False,,,,,,,,,,,1.0,
,hal-02462094,in,,Puissance émotionnelle de l’odeur dans les lieux,COUV,notice,False,2020-01-31 10:00:42,,False,['0.shs'],2021,2021.0,,False,,,,,,,,,,,1.0,
,hal-02462134,in,,Art pieces in olfactory effects,COUV,notice,False,2020-01-31 10:18:30,,False,['0.shs'],2021,2021.0,,False,,,,,,,,,,,1.0,
,hal-02472437,in,,Atmospheres and Mobilities,DOUV,notice,False,2020-02-10 11:28:36,http://creativecommons.org/licenses/by/,False,['0.shs'],2017,2017.0,Mobile Culture Studies - The Journal,2413-9181,"University of Graz, Austria",,,,,,,,,,3.0,
,hal-02475580,in,,Barcelona en Comù: Questions Facing a New Brand of Political Action,COUV,file,True,2020-02-12 10:32:17,http://creativecommons.org/licenses/by-nc-nd/,True,['0.shs'],2019-02-06,2019.0,,False,,,,,,,,,,,2.0,
,hal-02975677,in,,"ARCHITECTURE 68. Panorama international sur des renouveaux pédagogiques, Genève, MétisPresses",DOUV,notice,False,2020-10-22 21:25:28,,True,['0.shs'],2020,2020.0,,False,,,,,,,,,,,4.0,
,hal-03118451,in,,Immersions quotidiennes de Brest à Québec,COUV,notice,False,2021-01-22 11:31:11,,True,['0.shs'],2021-01-05,2021.0,,False,,,,,,,,,,,1.0,
,hal-03136469,in,,"Ambiances, Alloæsthesia: Senses, Inventions, Worlds",DOUV,file,True,2021-02-23 08:35:12,,False,['0.shs'],2020,2020.0,,False,,,,,,,,,,,1.0,
,hal-03169583,in,,"Track the cities. [issue editor, N°40 La Furia Umana Journal]",DOUV,notice,False,2021-03-15 14:31:11,,False,['0.shs'],2021-03,2021.0,La Furia Umana,2255-2812,Duen de Bux,,,,,,,,,,3.0,
,hal-03197710,in,,Des circulations automobiles pérennes dans les métropoles intermédiaires ? Nécessité et désir d'automobile dans le pays de Brest,COUV,notice,False,2021-04-14 10:10:00,,True,['0.shs'],2021-04,2021.0,,False,,,,,,,,,,,2.0,
,hal-03205491,in,,Institution universitaire et mouvements étudiants ? Entre intégration et rupture,DOUV,notice,False,2021-04-22 12:45:38,,False,['0.shs'],2020-06,2020.0,,False,,,,,,,,,,,2.0,
,hal-03244547,in,,Listening to atmospheres,COUV,file,True,2021-06-01 11:58:48,http://creativecommons.org/licenses/by-nc-nd/,False,['0.shs'],2016,2016.0,,False,,,,,,,,,,,1.0,
,hal-03248174,in,,Un soulèvement. Occupation critique de l’espace et architecture de champs sensoriels,COUV,notice,False,2021-06-03 14:20:13,,True,['0.shs'],2021,2021.0,,False,,,,,,,,,,,1.0,
,hal-03248205,in,,Déploiement du champ sensoriel d’une source sacrée et réappropriation ludique d’une architecture,COUV,notice,False,2021-06-03 14:41:45,,True,['0.shs'],2021,2021.0,,False,,,,,,,,,,,5.0,
,hal-03248212,in,,Renaissance sensible d’une place publique saharienne. Aire d’expérience ludique et vie imaginaire,COUV,notice,False,2021-06-03 14:45:00,,True,['0.shs'],2021,2021.0,,False,,,,,,,,,,,3.0,
,hal-03248218,in,,Terre chaude – Terre de Saint,COUV,notice,False,2021-06-03 14:48:18,,True,['0.shs'],2021,2021.0,,False,,,,,,,,,,,2.0,
,hal-03248300,in,,La Ciudad y los niños. Juego y creatividad arquitectónica trente a la emergencia de la ciudad garantizada,COUV,notice,False,2021-06-03 15:03:10,,True,['0.shs'],2017,2017.0,,False,,,,,,,,,,,1.0,
,hal-03250069,in,,Résonances oasiennes. Approches sensibles de l’urbain au Sahara,DOUV,notice,False,2021-06-04 14:48:16,,True,['0.shs'],2021,2021.0,,False,,,,,,,,,,,3.0,
,hal-03250077,in,,"Challenges of Communication in a Context of Crisis. Troubles, Misunderstandings and Discords",DOUV,notice,False,2021-06-04 14:50:29,,True,['0.shs'],2018,2018.0,,False,,,,,,,,,,,4.0,
,hal-03250081,in,,"Sociologies, Dossier thématique Sociologie des métropoles sud-américaine",DOUV,notice,False,2021-06-04 14:53:04,,True,['0.shs'],2017,2017.0,,False,,,,,,,,,,,3.0,
,hal-03250092,in,,La participation sociale et politique au quotidien,DOUV,notice,False,2021-06-04 14:55:57,,True,['0.shs'],2014,2014.0,Lien social et Politiques,1204-3206,"Anjou, Québec : Éd. Saint-Martin ; Rennes : Presses de l'EHESP",,,,,,,,,,2.0,
,hal-03254766,in,,De l’incertitude des savoirs aux nouvelles fabriques de l’expertise,DOUV,notice,False,2021-06-09 10:28:50,,False,['0.shs'],2021,2021.0,Cahiers RAMAU,1623-1333,Éditions de la Villette,,,,,,,,,,3.0,
,hal-03273519,in,,Chronique d’une vie dans une cité des années 1930,COUV,notice,False,2021-06-29 11:47:14,,True,['0.shs'],2021-06-16,2021.0,,False,,,,,,,,,,,1.0,
,hal-03290511,in,,Écologie sociale de l'oreille. Enquêtes d'expérience musicale,DOUV,notice,False,2021-07-27 08:47:35,,True,['0.shs'],2009,2009.0,,False,,,,,,,,,,,2.0,
,hal-03329519,in,,"Pourquoi James Bond a-t-il un bouton ""Atmosphere"" dans son Aston Martin ? Petite réflexion sur des modes d'existence de l'ambiance",COUV,file,True,2021-08-31 09:31:32,,True,['0.shs'],2021,2021.0,,False,,,,,,,,,,,1.0,
,hal-03334500,in,,La ville mot à mot,DOUV,notice,False,2021-09-03 20:22:05,,True,['0.shs'],2021,2021.0,,False,,,,,,,,,,,18.0,
,hal-03358540,in,,Smell walks,COUV,notice,False,2021-09-29 14:20:17,,True,"['0.shs', '0.sde', '0.scco', '0.spi']",2021,2021.0,,False,,,,,,,,,,,1.0,
,hal-03400569,in,,"Ecopolis, Rottier solaire",COUV,notice,False,2021-10-25 09:45:43,,True,['0.shs'],2021-10,2021.0,,False,,,,,,,,,,,1.0,
,hal-03400582,in,,"Ecopolis: Rottier, sunny side up",COUV,notice,False,2021-10-25 09:48:30,,True,['0.shs'],2021-12,2021.0,,False,,,,,,,,,,,1.0,
,halshs-00354155,in,,La ville à l'épreuve du mouvement,COUV,file,True,2009-01-19 10:28:42,,True,['0.shs'],2008,2008.0,,False,,,,,,,,,,,1.0,
,halshs-00379493,in,,Composer l'espace,COUV,file,True,2009-04-28 17:08:14,,False,['0.shs'],1994-01-01,1994.0,,False,,,,,,,,,,,1.0,
,halshs-00380037,in,,Quel rôle les mesures physiques peuvent-elles jouer dans la compréhension des ambiances architecturales et urbaines ?,COUV,file,True,2009-04-29 16:50:58,,False,"['0.shs', '0.spi', '0.phys']",2004-01-01,2004.0,,False,,,,,,,,,,,1.0,
,halshs-00390170,in,,De l'ambiance héritée à l'ambiance programmée Les leçons d'une expérience,COUV,file,True,2009-06-01 10:32:03,,True,['0.shs'],2009-01-01,2009.0,,False,,,,,,,,,,,1.0,
,halshs-00395082,in,,Hem. Les Hauts-Champs. La fabrique d'un quartier,DOUV,file,True,2017-05-05 09:15:08,,True,['0.shs'],2009-05,2009.0,,False,,,,,,,,,,,3.0,
,halshs-00504988,in,,L'intimité au sein des espaces extérieurs de l'habitat individuel dense,COUV,file,True,2010-07-22 10:35:59,,True,['0.shs'],2010,2010.0,,False,,,,,,,,,,,2.0,
,halshs-00567901,in,,Le plafond lumineux d'Augustin Rey,COUV,notice,False,2011-02-22 10:35:28,,True,"['0.shs', '0.spi']",2010,2010.0,,False,,,,,,,,,,,2.0,
,halshs-00567910,in,,Qualité des ambiances et processus de conception,COUV,file,True,2012-11-21 10:25:02,,True,['0.shs'],2009,2009.0,,False,,,,,,,,,,,2.0,
,halshs-00572413,in,,Les petites annonces de la maison individuelle,COUV,file,True,2012-11-21 10:12:43,,True,['0.shs'],2008,2008.0,,False,,,,,,,,,,,2.0,
,halshs-00576022,in,,Sympathique maison ensoleillée de 4 chambres ...,COUV,file,True,2011-03-11 16:53:46,,True,['0.shs'],2004,2004.0,,False,,,,,,,,,,,2.0,
,halshs-00596761,in,,"Marcher en ville. Faire corps, prendre corps, donner corps aux ambiances urbaines",DOUV,notice,False,2011-05-30 10:08:03,,True,['0.shs'],2010,2010.0,,False,,,,,,,,,,,1.0,
,halshs-00596763,in,,Architectural and urban atmospheres: shaping the way we walk in town,COUV,file,True,2011-05-30 13:48:10,,True,['0.shs'],2010,2010.0,,False,,,,,,,,,,,1.0,
,halshs-00596826,in,,Le piéton dans l'espace public,COUV,file,True,2011-06-06 10:31:08,,True,['0.shs'],2004,2004.0,,False,,,,,,,,,,,1.0,
,halshs-00605300,in,,Le mouvement : un révélateur des potentialités esthétiques de l'architecture ordinaire ?,COUV,file,True,2013-12-14 16:39:18,,True,['0.shs'],2011,2011.0,,False,,,,,,,,,,,1.0,
,halshs-00715905,in,,Sociologie de la mobilisation et de l'action patrimoniales : agir pour / sur le Château de Lunéville,COUV,file,True,2012-07-09 15:26:36,,True,['0.shs'],2011,2011.0,,False,,,,,,,,,,,1.0,
,halshs-00715945,in,,"John Langshaw Austin, la perception et son ethnographie",COUV,file,True,2012-07-09 16:43:32,,True,['0.shs'],2013,2013.0,,False,,,,,,,,,,,1.0,
,halshs-00746478,in,,Ambiances in action - ambiances en acte(s),DOUV,notice,False,2012-10-29 10:39:19,,True,['0.shs'],2012-09,2012.0,,False,,,,,,,,,,,2.0,
,halshs-00869848,in,,Décrire l'arrière-plan corporel de l'expérience urbaine,COUV,file,True,2013-10-07 09:39:28,,True,['0.shs'],2013,2013.0,,False,,,,,,,,,,,1.0,
,halshs-00980639,in,,Montre moi ton jardin et je te dirai comment tu habites,COUV,file,True,2014-04-18 14:49:52,,True,['0.shs'],2012,2012.0,,False,,,,,,,,,,,1.0,
,halshs-01128922,in,,Concepteurs sonores et concepteurs lumière : deux groupes professionnels émergents,COUV,notice,False,2015-03-10 15:43:57,,True,['0.shs'],2009,2009.0,,False,,,,,,,,,,,2.0,
,halshs-01229581,in,,"Formes, formants, formalités : catégories d'analyse de l'environnement urbain",COUV,file,True,2016-03-31 11:30:42,,True,['0.shs'],2001,2001.0,,False,,,,,,,,,,,1.0,
,halshs-01246925,in,,Les sensations du soleil dans les théories architecturales et urbaines. De l'hygiénisme à la ville durable,COUV,file,True,2015-12-23 16:30:25,,True,['0.shs'],2013,2013.0,,False,,,,,,,,,,,1.0,
,halshs-01249639,in,,Le Corbusier Plans. 1950 - Studies in Sunlight - Tower of Shadows (Chandigarh). English version,COUV,file,True,2016-01-02 12:28:09,,True,['0.shs'],2006-02,2006.0,,False,,,,,,,,,,,1.0,
,halshs-01249642,in,,Le Corbusier Plans. 1950 - Etudes d’ensoleillement - Tour d’ombres (Chandigarh). Version française,COUV,file,True,2016-01-02 12:35:55,,True,['0.shs'],2006-02,2006.0,,False,,,,,,,,,,,1.0,
,halshs-01249644,in,,Le Corbusier Plans. 1950 - Climate Chart (Chandigarh). English version,COUV,file,True,2016-01-02 12:44:55,,True,['0.shs'],2006-02,2006.0,,False,,,,,,,,,,,1.0,
,halshs-01249645,in,,Le Corbusier Plans. 1950 - Grille climatique (Chandigarh). Version française,COUV,file,True,2016-01-02 12:48:20,,True,['0.shs'],2006-02,2006.0,,False,,,,,,,,,,,1.0,
,halshs-01249648,in,,Le Corbusier Plans. 1940 - Studies in Sunlight (no place). English version,COUV,file,True,2016-01-02 12:57:20,,True,['0.shs'],2006-02,2006.0,,False,,,,,,,,,,,1.0,
,halshs-01249649,in,,Le Corbusier Plans. 1940 - Etudes d’Ensoleillement (sans lieu). Version française,COUV,file,True,2016-01-02 13:01:10,,True,['0.shs'],2006-02,2006.0,,False,,,,,,,,,,,1.0,
,halshs-01295498,in,,L'espace sonore en action,COUV,notice,False,2016-03-31 11:01:08,,True,['0.shs'],2015,2015.0,,False,,,,,,,,,,,1.0,
,halshs-01295544,in,,Ambiances en débats,DOUV,notice,False,2016-03-31 11:37:56,,True,['0.shs'],2004,2004.0,,False,,,,,,,,,,,3.0,
,halshs-01501479,in,,L'accompagnement des auto-réhabilitateurs par les magasins de bricolage : vision prospective pour l'amélioration énergétique de l'habitat,COUV,file,True,2017-04-04 12:12:41,,True,['0.shs'],2015,2015.0,,False,,,,,,,,,,,4.0,
,halshs-01566962,in,,Le management urbain des petites opérations complexes,COUV,file,True,2017-07-21 14:44:26,http://creativecommons.org/licenses/by-nc-nd/,False,['0.shs'],1999,1999.0,,False,,,,,,,,,,,1.0,
,halshs-01704465,in,,Pasajes de la vida,COUV,file,True,2018-02-08 14:52:14,,False,['0.shs'],2017-10,2017.0,,False,,,,,,,,,,,2.0,
,halshs-02002470,in,,"Animer l’espace public ? Entre programmation urbaine et activation citoyenne [coord. dossier thématique N° 3 de Ambiances. Revue internationale sur l'environnement sensible, l'architecture et l'espace urbain]",DOUV,notice,False,2019-01-31 16:48:41,,True,['0.shs'],2017,2017.0,"Ambiances. Environnement sensible, architecture et espace urbain",2266-839X,UMR 1563 - Ambiances Architecturales et Urbaines,,,,,,,,,,2.0,
,halshs-02181915,in,,The Atmospherization of Everyday Experience,COUV,notice,False,2019-07-12 14:43:41,,False,['0.shs'],2019,2019.0,,False,,,,,,,,,,,1.0,
,halshs-02181923,in,,Die Atmosphärisierung der Alltagserfahrung,COUV,notice,False,2019-07-12 14:45:15,,False,['0.shs'],2019,2019.0,,False,,,,,,,,,,,1.0,
,halshs-02181937,in,,Silence of Mauá: an atmospheric ethnography of urban sounds,COUV,notice,False,2019-07-12 14:52:03,,False,['0.shs'],2019,2019.0,,False,,,,,,,,,,,1.0,
,halshs-02181950,in,,A World of Attunements,COUV,notice,False,2019-07-12 14:54:15,,False,['0.shs'],2019,2019.0,,False,,,,,,,,,,,1.0,
,halshs-02186843,in,,"Urbanisme sur mesure, urbanisme en mesure",COUV,file,True,2019-07-18 17:58:44,,True,['0.shs'],2018-03-01,2018.0,,False,,,,,,,,,,,1.0,
,halshs-02193877,in,,"La ""clusterisation"" du projet urbain de l'ile de Nantes",COUV,file,True,2019-11-12 17:27:37,http://creativecommons.org/licenses/by-nc-nd/,True,['0.shs'],2015-10-01,2015.0,,False,,,,,,,,,,,2.0,
,halshs-02530943,in,,"Forms of Experienced Environments: Questioning Relations Between Humans, Aesthetics, and Sciences",DOUV,notice,False,2020-04-03 12:09:16,,False,['0.shs'],2020-04,2020.0,,False,,,,,,,,,,,3.0,
,halshs-03066959,in,,As Far As The Ear Can Hear. Listening to the social city,COUV,notice,False,2020-12-15 14:59:39,,True,['0.shs'],2021-01-15,2021.0,,False,,,,,,,,,,,1.0,
,halshs-03083995,in,,L’usage des ambiances. Introduction,COUV,notice,False,2020-12-20 10:51:14,,True,['0.shs'],2021,2021.0,,False,,,,,,,,,,,3.0,
,halshs-03083997,in,,Dans l’ambiance d’une bergerie urbaine,COUV,notice,False,2020-12-20 10:55:23,,True,['0.shs'],2021,2021.0,,False,,,,,,,,,,,4.0,
,halshs-03083998,in,,Nefta : une corbeille de sons,COUV,notice,False,2020-12-20 10:58:19,,True,['0.shs'],2021,2021.0,,False,,,,,,,,,,,3.0,
,halshs-03083999,in,,Subtile porosité,COUV,notice,False,2020-12-20 11:01:14,,True,['0.shs'],2021,2021.0,,False,,,,,,,,,,,3.0,
,halshs-03137452,in,,"Maracanã, a potência de uma ambiência",COUV,notice,False,2021-02-10 14:23:12,,True,['0.shs'],2020,2020.0,,False,,,,,,,,,,,1.0,
,halshs-03204205,in,,"Archives, acteurs et institutions : actes des journées d'étude des 15 et 16 octobre 2015",DOUV,notice,False,2021-04-21 13:34:06,http://creativecommons.org/licenses/by-nc-nd/,False,['0.shs'],2017,2017.0,,False,,,,,,,,,,,2.0,
