doi,halId,is_paratext,suspicious_journal,hal_domain,df_data_traite,title,author_count,published_date,published_year,journal_name,journal_issns,publisher,hal_coverage,hal_submittedDate,hal_location,hal_openAccess_bool,hal_licence,hal_selfArchiving,hal_docType,hal_shsdomain,hal_infodomain,genre,upw_coverage,oa_status,journal_issn_l,upw_location,version,licence
10.1002/9781119341031.ch3,hal-01944915,,,['0.info'],True,Complexity and Scientific Challenges,13.0,2018-03-25,2018.0,Virtual Reality and Augmented Reality,False,"John Wiley & Sons, Inc.",in,2018-12-05 04:27:20,notice,False,,True,COUV,[],['1.info.info-hc'],book-chapter,closed,closed,,,,
10.1002/9781119341031.ch4,hal-01735022,,,['0.info'],True,Towards VE that are More Closely Related to the Real World,6.0,2018-03-25,2018.0,Virtual Reality and Augmented Reality,False,"John Wiley & Sons, Inc.",in,2018-03-15 13:14:40,notice,False,,True,COUV,[],"['1.info.info-hc', '1.info.info-gr']",book-chapter,closed,closed,,,,
10.1002/9781119341031.ch5,hal-01946504,,,['0.info'],True,Scientific and Technical Prospects,7.0,2018-03-25,2018.0,Virtual Reality and Augmented Reality,False,"John Wiley & Sons, Inc.",in,2018-12-06 10:16:12,notice,False,,True,COUV,[],"['1.info.info-bt', '1.info.info-hc', '1.info.info-lg', '1.info.info-gr']",book-chapter,closed,closed,,,,
10.1002/jsid.752,hal-01987255,,,['0.info'],True,A study on differences in human perception between a real and an AR scene viewed in an OST-HMD,6.0,2019-01-20,2019.0,Journal of the Society for Information Display,1071-0922,Wiley,in,2019-01-21 08:27:47,file,True,,True,ART,[],['1.info.info-gr'],journal-article,oa,green,1071-0922,repository,publishedVersion,
10.1002/jsid.832,hal-02200576,,,['0.info'],True,Influence of virtual objects' shadows and lighting coherence on distance perception in optical see‐through augmented reality,6.0,2019-07-30,2019.0,Journal of the Society for Information Display,"1071-0922,1938-3657",Wiley,in,2019-12-16 15:48:35,file,True,,True,ART,[],['1.info.info-gr'],journal-article,oa,green,1071-0922,repository,submittedVersion,
10.1002/navi.254,hal-01896361,,,['0.spi'],True,"Fusion of 3D GIS, Vision, Inertial and Magnetic Data for Improved Urban Pedestrian Navigation and Augmented Reality Applications",3.0,2018-09-01,2018.0,Navigation,0028-1522,Wiley,in,2018-10-16 09:53:21,notice,False,,False,ART,[],[],journal-article,closed,closed,0028-1522,,,
10.1007/1-84628-048-6_7,hal-01555279,,,"['0.math', '0.spi']",True,Acoustic diffraction patterns from fractal to urban structures: applications to the Sierpinski triangle and to a neoclassical urban facade,1.0,2005,2005.0,Fractals in Engineering,False,Springer-Verlag,in,2017-07-03 22:07:35,file,True,,True,COUV,[],[],book-chapter,oa,green,,repository,submittedVersion,
10.1007/978-3-030-01790-3_12,hal-01947356,,,['0.info'],True,Evaluation of AR Inconsistencies on AR Placement Tasks: A VR Simulation Study,4.0,2018-01-01,2018.0,Lecture Notes in Computer Science,"0302-9743,1611-3349",Springer International Publishing,in,2018-12-06 16:45:13,file,True,,True,COMM,[],"['1.info.info-gr', '1.info.info-hc']",book-chapter,oa,green,0302-9743,repository,submittedVersion,
10.1007/978-3-030-76694-8,halshs-03329497,,,['0.shs'],True,Experiential Walks for Urban Design,3.0,2021-01-01,2021.0,Springer Tracts in Civil Engineering,"2366-259X,2366-2603",Springer International Publishing,in,2021-08-31 09:09:49,notice,False,,True,DOUV,['1.shs.archi'],[],book,closed,closed,2366-2603,,,
10.1007/978-3-030-76694-8_12,halshs-03329818,,,['0.shs'],True,Capturing Chromatic Effects in Urban Environment,3.0,2021-01-01,2021.0,Springer Tracts in Civil Engineering,"2366-259X,2366-2603",Springer International Publishing,in,2021-08-31 12:02:20,notice,False,,True,COUV,['1.shs.archi'],[],book-chapter,closed,closed,2366-2603,,,
10.1007/978-3-319-51804-6,halshs-01541102,,,['0.shs'],True,Urban Design and Representation,3.0,2017-01-01,2017.0,,False,Springer International Publishing,in,2017-06-17 15:35:44,notice,True,,True,COUV,['1.shs.archi'],[],book,oa,green,,repository,submittedVersion,
10.1007/978-3-319-51804-6_6,hal-01491469,,,"['0.info', '0.shs', '0.sde']",True,Motion Perspectives Integration in the Qualification of the Urban Spaces: Towards a 2D- and a 3D-Enrichment of the S-Partition Method,3.0,2017-01-01,2017.0,Urban Design and Representation,False,Springer International Publishing,in,2017-03-16 21:39:41,file,True,,True,COUV,['1.shs.archi'],['1.info.info-mo'],book-chapter,oa,green,,repository,submittedVersion,
10.1007/978-3-642-10595-1_5,halshs-01092994,,,['0.shs'],True,TAnaTo2: A Tool to Evaluate the Impact of Natural and Anthropogenic Artefacts with a TIN-Based Model,2.0,2011-10-27,2011.0,Geospatial Free and Open Source Software in the 21st Century,"1863-2246,1863-2351",Springer Berlin Heidelberg,in,2014-12-09 21:38:08,notice,False,,True,COUV,['1.shs.geo'],[],book-chapter,closed,closed,1863-2246,,,
10.1007/978-3-642-12326-9_13,hal-01347345,,,"['0.info', '0.shs', '0.sde']",True,Towards a Spatial Semantics to Analyze the Visual Dynamics of the Pedestrian Mobility in the Urban Fabric,4.0,2010-01-01,2010.0,Geospatial Thinking,"1863-2246,1863-2351",Springer Berlin Heidelberg,in,2016-07-20 18:48:47,file,True,,True,COUV,['1.shs.archi'],['1.info.info-mo'],book-chapter,oa,green,1863-2246,repository,submittedVersion,
10.1007/978-3-642-19766-6_11,hal-01347331,,,"['0.info', '0.shs', '0.sde']",True,Measuring Surrounding Space to Assess the Pedestrian Visual Aperture Angle in the Urban Fabric: Toward a Kurtosis-Based Isovist Indicator,4,2011-01-01,2011,Information Fusion and Geographic Information Systems,"1863-2246,1863-2351",Springer Berlin Heidelberg,in,2016-07-20 18:15:16,file,True,,True,COUV,['1.shs.archi'],['1.info.info-mo'],book-chapter,oa,green,1863-2246,repository,submittedVersion,
10.1007/978-3-642-19789-5_14,hal-01347341,,,"['0.info', '0.shs', '0.sde']",True,Towards a “typification” of the Pedestrian Surrounding Space: Analysis of the Isovist Using Digital processing Method,3,2011-01-01,2011,Advancing Geoinformation Science for a Changing World,"1863-2246,1863-2351",Springer Berlin Heidelberg,in,2016-07-25 14:17:19,file,True,,True,COUV,['1.shs.archi'],['1.info.info-mo'],book-chapter,oa,green,1863-2246,repository,submittedVersion,
10.1007/978-3-642-24574-9_35,hal-01521481,,,['0.info'],True,Transforming Conceptual Spatiotemporal Model into Object Model with Semantic Keeping,3,2011-01-01,2011,Lecture Notes in Computer Science,"0302-9743,1611-3349",Springer Berlin Heidelberg,in,2017-05-11 18:08:25,notice,False,,True,COMM,[],['1.info.info-mo'],book-chapter,closed,closed,0302-9743,,,
10.1007/978-3-642-29063-3_18,hal-01347299,,,"['0.info', '0.shs', '0.sde']",True,Towards Urban Fabrics Characterization Based on Buildings Footprints,3,2012-01-01,2012,Bridging the Geographic Information Sciences,"1863-2246,1863-2351",Springer Berlin Heidelberg,in,2016-07-20 17:13:14,file,True,,True,COUV,['1.shs.archi'],['1.info.info-mo'],book-chapter,oa,green,1863-2246,repository,submittedVersion,
10.1007/978-3-642-31833-7_16,hal-01347216,,,"['0.info', '0.shs', '0.sde']",True,A New Method to Characterize Density Adapted to a Coarse City Model,3,2013-12-05,2013,Information Fusion and Geographic Information Systems (IF AND GIS 2013),"1863-2246,1863-2351",Springer Berlin Heidelberg,in,2016-07-20 15:55:10,file,True,,True,COUV,['1.shs.archi'],['1.info.info-mo'],book-chapter,oa,green,1863-2246,repository,submittedVersion,
10.1007/978-3-642-39330-3_57,hal-00850386,,,['0.info'],True,Design of a Visual Query Language for Geographic Information System on a Touch Screen,4,2013-01-01,2013,Lecture Notes in Computer Science,"0302-9743,1611-3349",Springer Berlin Heidelberg,in,2014-01-06 12:12:58,file,True,,False,COMM,[],['1.info.info-hc'],book-chapter,oa,green,0302-9743,repository,submittedVersion,
10.1007/978-3-658-11492-3_11,hal-02558010,,,['0.shs'],True,Die Bedeutung von Alltagsästhetik im Kontext der Polarisierung und Hybridisierung von Städten,1,2015-11-25,2015,Fraktale Metropolen,"2509-3789,2509-3797",Springer Fachmedien Wiesbaden,in,2020-04-29 10:46:48,notice,False,,True,COUV,"['1.shs.archi', '1.shs.geo']",[],book-chapter,closed,closed,2509-3797,,,
10.1007/978-3-658-24161-2_5,hal-02557991,,,['0.shs'],True,Für ein alltagsästhetisches Verständnis von Heimat,1,2019-01-01,2019,Heimat,"2625-6991,2625-7009",Springer Fachmedien Wiesbaden,in,2020-04-29 10:39:08,notice,False,,True,COUV,"['1.shs.archi', '1.shs.geo']",[],book-chapter,closed,closed,2625-7009,,,
10.1007/978-3-658-25746-0_35,hal-02557946,,,['0.shs'],True,Atmosphären und Landschaft,1,2019-01-01,2019,Handbuch Landschaft,"2625-6991,2625-7009",Springer Fachmedien Wiesbaden,in,2020-04-29 10:13:05,notice,False,,True,COUV,['1.shs.geo'],[],book-chapter,closed,closed,2625-7009,,,
10.1007/978-3-7091-1251-9_6,hal-01501962,,,"['0.info', '0.shs']",True,"Concurrent Geometric, Structural and Environmental Design: Louvre Abu Dhabi",6,2013-01-01,2013,Advances in Architectural Geometry 2012,False,Springer Vienna,in,2017-04-04 18:16:27,notice,False,,True,COUV,['1.shs.archi'],['1.info.info-mo'],book-chapter,closed,closed,,,,
10.1007/978-94-007-2540-9_2,hal-01347313,,,['0.sde'],True,Environmental impact assessment of urban mobility plan: a methodology including socio-economic consequences,28,2011-12-10,2011,Alliance for Global Sustainability Bookseries,1571-4780,Springer Netherlands,in,2016-07-20 17:38:40,notice,True,,True,COUV,[],[],book-chapter,oa,green,1571-4780,repository,submittedVersion,
10.1007/978-94-017-9136-6_7,hal-01521560,,,['0.info'],True,Challenges of Image-Based Crowd-Sourcing for Situation Awareness in Disaster Management,4,2014-01-01,2014,NATO Science for Peace and Security Series C: Environmental Security,"1874-6519,1874-6543",Springer Netherlands,in,2017-05-11 21:49:24,notice,False,,True,COUV,[],[],book-chapter,closed,closed,1874-6519,,,
10.1007/s10055-010-0173-7,hal-01521143,,,['0.info'],True,Camera tracking by online learning of keypoint arrangements using LLAH in augmented reality applications,4,2010-10-07,2010,Virtual Reality,"1359-4338,1434-9957",Springer Science and Business Media LLC,in,2017-05-11 15:58:27,file,True,,True,ART,[],['1.info.info-cv'],journal-article,oa,green,1359-4338,repository,submittedVersion,
10.1007/s10546-004-9241-4,hal-00111637,,,['0.phys'],True,The urban boundary-layer field campaign in marseille (ubl/clu-escompte): set-up and first results,35,2005-02-01,2005,Boundary-Layer Meteorology,"0006-8314,1573-1472",Springer Science and Business Media LLC,in,2021-05-21 21:59:30,file,True,http://creativecommons.org/licenses/by/,False,ART,[],[],journal-article,oa,green,0006-8314,repository,submittedVersion,cc-by
10.1007/s11069-014-1538-0,hal-01121491,,,,False,,,,,,,,,,,,,,,,,,,,,,,
10.1016/j.apacoust.2003.11.002,hal-01555290,,,,False,,,,,,,,,,,,,,,,,,,,,,,
10.1016/j.apacoust.2004.09.004,hal-01555283,,,,False,,,,,,,,,,,,,,,,,,,,,,,
10.1016/j.biosystemseng.2014.08.017,hal-01526013,,,,False,,,,,,,,,,,,,,,,,,,,,,,
10.1016/j.buildenv.2009.11.011,hal-01145095,,,,False,,,,,,,,,,,,,,,,,,,,,,,
10.1016/j.buildenv.2011.02.001,hal-01145124,,,,False,,,,,,,,,,,,,,,,,,,,,,,
10.1016/j.buildenv.2013.12.012,hal-01870606,,,,False,,,,,,,,,,,,,,,,,,,,,,,
10.1016/j.buildenv.2017.08.009,hal-01630175,,,,False,,,,,,,,,,,,,,,,,,,,,,,
10.1016/j.chb.2020.106374,hal-02551772,,,,False,,,,,,,,,,,,,,,,,,,,,,,
10.1016/j.daach.2015.02.002,hal-01617172,,,,False,,,,,,,,,,,,,,,,,,,,,,,
10.1016/j.egypro.2015.11.088,hal-01799920,,,,False,,,,,,,,,,,,,,,,,,,,,,,
10.1016/j.egypro.2017.07.126,hal-01581748,,,,False,,,,,,,,,,,,,,,,,,,,,,,
10.1016/j.enbuild.2004.01.010,halshs-00573759,,,,False,,,,,,,,,,,,,,,,,,,,,,,
10.1016/j.enbuild.2011.02.010,hal-01870609,,,,False,,,,,,,,,,,,,,,,,,,,,,,
10.1016/j.enbuild.2012.08.048,hal-00947577,,,,False,,,,,,,,,,,,,,,,,,,,,,,
10.1016/j.enbuild.2015.06.030,hal-01583195,,,,False,,,,,,,,,,,,,,,,,,,,,,,
10.1016/j.enbuild.2015.06.032,hal-01799917,,,,False,,,,,,,,,,,,,,,,,,,,,,,
10.1016/j.foar.2016.02.001,halshs-01330999,,,,False,,,,,,,,,,,,,,,,,,,,,,,
10.1016/j.geoforum.2013.04.028,hal-00978316,,,,False,,,,,,,,,,,,,,,,,,,,,,,
10.1016/j.jretconser.2019.01.010,hal-01995916,,,,False,,,,,,,,,,,,,,,,,,,,,,,
10.1016/j.scs.2020.102633,hal-03046054,,,,False,,,,,,,,,,,,,,,,,,,,,,,
10.1016/j.uclim.2015.04.001,hal-01141712,,,,False,,,,,,,,,,,,,,,,,,,,,,,
10.1016/j.uclim.2015.07.004,hal-01667973,,,,False,,,,,,,,,,,,,,,,,,,,,,,
10.1016/j.uclim.2017.08.010,hal-01629430,,,,False,,,,,,,,,,,,,,,,,,,,,,,
10.1016/j.uclim.2018.04.005,hal-01790917,,,,False,,,,,,,,,,,,,,,,,,,,,,,
10.1016/j.uclim.2019.100457,hal-02086327,,,,False,,,,,,,,,,,,,,,,,,,,,,,
10.1016/jsolener.2015.08.031,hal-01251355,,,,False,,,,,,,,,,,,,,,,,,,,,,,
10.1016/s0169-7552(98)00176-7,hal-00816837,,,,False,,,,,,,,,,,,,,,,,,,,,,,
10.1016/s0926-5805(99)00046-1,hal-02562734,,,,False,,,,,,,,,,,,,,,,,,,,,,,
10.1017/dsd.2020.118,hal-02872397,,,,False,,,,,,,,,,,,,,,,,,,,,,,
10.1017/dsj.2020.15,hal-02898072,,,,False,,,,,,,,,,,,,,,,,,,,,,,
10.1017/dsj.2020.30,hal-03039827,,,,False,,,,,,,,,,,,,,,,,,,,,,,
10.1017/dsj.2021.3,hal-03296909,,,,False,,,,,,,,,,,,,,,,,,,,,,,
10.1017/pds.2021.557,hal-03319718,,,,False,,,,,,,,,,,,,,,,,,,,,,,
10.1017/pds.2021.87,hal-03319720,,,,False,,,,,,,,,,,,,,,,,,,,,,,
10.1017/ppr.2015.3,hal-01880375,,,,False,,,,,,,,,,,,,,,,,,,,,,,
10.1017/s0012217300002158,hal-01525429,,,,False,,,,,,,,,,,,,,,,,,,,,,,
10.1017/s0959774317000853,hal-01933083,,,,False,,,,,,,,,,,,,,,,,,,,,,,
10.1038/bmt.2016.151,hal-01331582,,,,False,,,,,,,,,,,,,,,,,,,,,,,
10.1051/3u3d/201202006,hal-01501831,,,,False,,,,,,,,,,,,,,,,,,,,,,,
10.1051/3u3d/201202007,hal-01521445,,,,False,,,,,,,,,,,,,,,,,,,,,,,
10.1051/3u3d/201202008,hal-01501907,,,,False,,,,,,,,,,,,,,,,,,,,,,,
10.1051/3u3d/201202009,hal-00738193,,,,False,,,,,,,,,,,,,,,,,,,,,,,
10.1051/3u3d/201203002,hal-02476304,,,,False,,,,,,,,,,,,,,,,,,,,,,,
10.1051/3u3d/201203007,hal-00768494,,,,False,,,,,,,,,,,,,,,,,,,,,,,
10.1051/shsconf/20184700001,hal-01903325,,,,False,,,,,,,,,,,,,,,,,,,,,,,
10.1051/shsconf/20184701003,hal-01916574,,,,False,,,,,,,,,,,,,,,,,,,,,,,
10.1051/shsconf/20184701011,hal-01903328,,,,False,,,,,,,,,,,,,,,,,,,,,,,
10.1051/shsconf/20184701012,hal-01944413,,,,False,,,,,,,,,,,,,,,,,,,,,,,
10.1051/shsconf/20184701015,hal-01906627,,,,False,,,,,,,,,,,,,,,,,,,,,,,
10.1051/shsconf/20196400002,hal-02288693,,,,False,,,,,,,,,,,,,,,,,,,,,,,
10.1051/shsconf/20196401006,hal-02280170,,,,False,,,,,,,,,,,,,,,,,,,,,,,
10.1051/shsconf/20196402003,hal-02288694,,,,False,,,,,,,,,,,,,,,,,,,,,,,
10.1051/shsconf/20196403005,hal-02273348,,,,False,,,,,,,,,,,,,,,,,,,,,,,
10.1051/shsconf/20208204004,hal-03112663,,,,False,,,,,,,,,,,,,,,,,,,,,,,
10.1061/(asce)ei.2643-9115.0000037,hal-03039834,,,,False,,,,,,,,,,,,,,,,,,,,,,,
10.1063/1.3106467,hal-01521498,,,,False,,,,,,,,,,,,,,,,,,,,,,,
10.1068/b32143,hal-00285927,,,,False,,,,,,,,,,,,,,,,,,,,,,,
10.1080/00087041.2020.1858608,hal-03321351,,,,False,,,,,,,,,,,,,,,,,,,,,,,
10.1080/13658816.2020.1800017,hal-02916059,,,,False,,,,,,,,,,,,,,,,,,,,,,,
10.1080/15230406.2021.1977709,hal-03374868,,,,False,,,,,,,,,,,,,,,,,,,,,,,
10.1080/15710882.2019.1572765,hal-02083897,,,,False,,,,,,,,,,,,,,,,,,,,,,,
10.1080/15710882.2019.1654524,hal-02273787,,,,False,,,,,,,,,,,,,,,,,,,,,,,
10.1080/17512549.2015.1043643,hal-01799921,,,,False,,,,,,,,,,,,,,,,,,,,,,,
10.1080/23729333.2021.1972787,hal-03411778,,,,False,,,,,,,,,,,,,,,,,,,,,,,
10.1088/1742-6596/1343/1/012007,hal-02372284,,,,False,,,,,,,,,,,,,,,,,,,,,,,
10.1088/1742-6596/2042/1/012128,hal-03445642,,,,False,,,,,,,,,,,,,,,,,,,,,,,
10.1093/ijlct/ctt049,hal-01145181,,,,False,,,,,,,,,,,,,,,,,,,,,,,
10.1108/ohi-02-2021-0039,hal-03451894,,,,False,,,,,,,,,,,,,,,,,,,,,,,
10.1108/s1871-317320190000016014,hal-02557981,,,,False,,,,,,,,,,,,,,,,,,,,,,,
10.1109/icalt.2013.169,hal-01977283,,,,False,,,,,,,,,,,,,,,,,,,,,,,
10.1109/icalt.2014.159,hal-01973160,,,,False,,,,,,,,,,,,,,,,,,,,,,,
10.1109/icip.2013.6738215,hal-01133153,,,,False,,,,,,,,,,,,,,,,,,,,,,,
10.1109/icip.2013.6738749,hal-01296969,,,,False,,,,,,,,,,,,,,,,,,,,,,,
10.1109/icip.2014.7025350,hal-01133244,,,,False,,,,,,,,,,,,,,,,,,,,,,,
10.1109/icsdm.2011.5969024,hal-01521483,,,,False,,,,,,,,,,,,,,,,,,,,,,,
10.1109/ipin.2016.7743619,hal-01451468,,,,False,,,,,,,,,,,,,,,,,,,,,,,
10.1109/isie.2010.5637503,hal-01521496,,,,False,,,,,,,,,,,,,,,,,,,,,,,
10.1109/ismar-adjunct.2017.86,hal-01616825,,,,False,,,,,,,,,,,,,,,,,,,,,,,
10.1109/ismar50242.2020.00024,hal-02924372,,,,False,,,,,,,,,,,,,,,,,,,,,,,
10.1109/ismar50242.2020.00028,hal-02911740,,,,False,,,,,,,,,,,,,,,,,,,,,,,
10.1109/ismar52148.2021.00064,hal-03378222,,,,False,,,,,,,,,,,,,,,,,,,,,,,
10.1109/mva.2015.7153164,hal-01812793,,,,False,,,,,,,,,,,,,,,,,,,,,,,
10.1109/tie.2011.2171173,hal-01015096,,,,False,,,,,,,,,,,,,,,,,,,,,,,
10.1109/tvcg.2015.2459897,hal-01276767,,,,False,,,,,,,,,,,,,,,,,,,,,,,
10.1109/vr.2015.7223418,hal-01140514,,,,False,,,,,,,,,,,,,,,,,,,,,,,
10.1109/vr.2017.7892231,hal-01619314,,,,False,,,,,,,,,,,,,,,,,,,,,,,
10.1109/vr.2019.8797826,hal-02084069,,,,False,,,,,,,,,,,,,,,,,,,,,,,
10.1109/vr.2019.8797848,hal-02284129,,,,False,,,,,,,,,,,,,,,,,,,,,,,
10.1109/vsmm.2017.8346302,hal-02068700,,,,False,,,,,,,,,,,,,,,,,,,,,,,
10.1109/vsmm.2017.8346303,hal-02068712,,,,False,,,,,,,,,,,,,,,,,,,,,,,
10.1111/j.1755-0998.2010.02916.x,hal-01094222,,,,False,,,,,,,,,,,,,,,,,,,,,,,
10.1111/ojoa.12133,hal-01869312,,,,False,,,,,,,,,,,,,,,,,,,,,,,
10.1115/detc2020-22563,hal-03296907,,,,False,,,,,,,,,,,,,,,,,,,,,,,
10.1115/esda2012-82608,hal-01521470,,,,False,,,,,,,,,,,,,,,,,,,,,,,
10.1115/esda2012-82824,hal-00817295,,,,False,,,,,,,,,,,,,,,,,,,,,,,
10.1117/12.525687,hal-00785283,,,,False,,,,,,,,,,,,,,,,,,,,,,,
10.1121/1.4777350,hal-01541215,,,,False,,,,,,,,,,,,,,,,,,,,,,,
10.1142/9789812702746_0018,hal-01552973,,,,False,,,,,,,,,,,,,,,,,,,,,,,
10.1145/1029632.1029677,inria-00550595,,,,False,,,,,,,,,,,,,,,,,,,,,,,
10.1145/1148613.1148626,inria-00550691,,,,False,,,,,,,,,,,,,,,,,,,,,,,
10.1145/1921264.1921283,hal-01092649,,,,False,,,,,,,,,,,,,,,,,,,,,,,
10.1145/2160125.2160143,hal-01521375,,,,False,,,,,,,,,,,,,,,,,,,,,,,
10.1145/2207216.2207220,hal-00783076,,,,False,,,,,,,,,,,,,,,,,,,,,,,
10.1145/2492494.2501896,hal-01880383,,,,False,,,,,,,,,,,,,,,,,,,,,,,
10.1145/2671015.2671022,hal-01812790,,,,False,,,,,,,,,,,,,,,,,,,,,,,
10.1145/2820619.2825019,hal-01219114,,,,False,,,,,,,,,,,,,,,,,,,,,,,
10.1145/2821592.2821606,hal-01222203,,,,False,,,,,,,,,,,,,,,,,,,,,,,
10.1145/3423603.3424057,hal-03258021,,,,False,,,,,,,,,,,,,,,,,,,,,,,
10.1177/2399808318816994,hal-01945663,,,,False,,,,,,,,,,,,,,,,,,,,,,,
10.1212/wnl.0000000000000315,hal-01251658,,,,False,,,,,,,,,,,,,,,,,,,,,,,
10.1260/1478-0771.8.4.507,hal-01502786,,,,False,,,,,,,,,,,,,,,,,,,,,,,
10.13130/2240-9599/3477,hal-00980754,,,,False,,,,,,,,,,,,,,,,,,,,,,,
10.13140/2.1.4715.2161,hal-01555296,,,,False,,,,,,,,,,,,,,,,,,,,,,,
10.15122/isbn.978-2-406-09288-9,hal-02281133,,,,False,,,,,,,,,,,,,,,,,,,,,,,
10.15122/isbn.978-2-406-10419-3.p.0243,hal-02586062,,,,False,,,,,,,,,,,,,,,,,,,,,,,
10.1515/9783035615159-134,halshs-01962310,,,,False,,,,,,,,,,,,,,,,,,,,,,,
10.1684/ers.2015.0797,hal-01347164,,,,False,,,,,,,,,,,,,,,,,,,,,,,
10.1684/ers.2020.1483,hal-03094976,,,,False,,,,,,,,,,,,,,,,,,,,,,,
10.17265/1934-7359/2018.10.001,hal-03249060,,,,False,,,,,,,,,,,,,,,,,,,,,,,
10.17265/1934-7359/2021.04.001,hal-03247987,,,,False,,,,,,,,,,,,,,,,,,,,,,,
10.17660/actahortic.2017.1170.6,hal-02505438,,,,False,,,,,,,,,,,,,,,,,,,,,,,
10.21278/idc.2018.0547,hal-01815341,,,,False,,,,,,,,,,,,,,,,,,,,,,,
10.22501/ruu.371052,halshs-02185436,,,,False,,,,,,,,,,,,,,,,,,,,,,,
10.2312/udmv.20161413,hal-01521335,,,,False,,,,,,,,,,,,,,,,,,,,,,,
10.23919/mva.2017.7986915,hal-01526972,,,,False,,,,,,,,,,,,,,,,,,,,,,,
10.25518/0774-7136.789,hal-01878768,,,,False,,,,,,,,,,,,,,,,,,,,,,,
10.26151/esapcestemps.net-1c2y-xb79,halshs-03098741,,,,False,,,,,,,,,,,,,,,,,,,,,,,
10.26151/espacestemps.net-87y1-es59,halshs-02298341,,,,False,,,,,,,,,,,,,,,,,,,,,,,
10.3166/isi.14.5.107-131,hal-01521145,,,,False,,,,,,,,,,,,,,,,,,,,,,,
10.3166/rig.24.101-130,hal-01345703,,,,False,,,,,,,,,,,,,,,,,,,,,,,
10.3166/rig.25.415-436,hal-01259330,,,,False,,,,,,,,,,,,,,,,,,,,,,,
10.3166/rig.25.75-98,hal-01150201,,,,False,,,,,,,,,,,,,,,,,,,,,,,
10.3167/arcs.2021.070101,hal-03329534,,,,False,,,,,,,,,,,,,,,,,,,,,,,
10.3233/idt-2011-0113,hal-01521142,,,,False,,,,,,,,,,,,,,,,,,,,,,,
10.3389/frobt.2014.00009,hal-01812797,,,,False,,,,,,,,,,,,,,,,,,,,,,,
10.3389/frobt.2018.00113,hal-01888990,,,,False,,,,,,,,,,,,,,,,,,,,,,,
10.3390/cli6010010,hal-01706788,,,,False,,,,,,,,,,,,,,,,,,,,,,,
10.3390/en9010032,hal-01583196,,,,False,,,,,,,,,,,,,,,,,,,,,,,
10.3390/environments5060064,halshs-01807909,,,,False,,,,,,,,,,,,,,,,,,,,,,,
10.3390/environments6010004,halshs-01982869,,,,False,,,,,,,,,,,,,,,,,,,,,,,
10.3390/info11090425,hal-02931923,,,,False,,,,,,,,,,,,,,,,,,,,,,,
10.3390/jimaging7080141,hal-03319808,,,,False,,,,,,,,,,,,,,,,,,,,,,,
10.3406/aru.1995.1884,halshs-03204360,,,,False,,,,,,,,,,,,,,,,,,,,,,,
10.3406/aru.2018.3270,halshs-02103422,,,,False,,,,,,,,,,,,,,,,,,,,,,,
10.3406/comm.2012.2652,hal-00978321,,,,False,,,,,,,,,,,,,,,,,,,,,,,
10.35007/gdp.gt42-wv50,halshs-03364093,,,,False,,,,,,,,,,,,,,,,,,,,,,,
10.35199/icdc.2020.11,hal-03296910,,,,False,,,,,,,,,,,,,,,,,,,,,,,
10.3917/comm.107.0796,hal-03417670,,,,False,,,,,,,,,,,,,,,,,,,,,,,
10.3917/dv.090.0155,hal-03207534,,,,False,,,,,,,,,,,,,,,,,,,,,,,
10.3917/esp.152.0181,halshs-01427608,,,,False,,,,,,,,,,,,,,,,,,,,,,,
10.3917/esp.178.0089,hal-02506597,,,,False,,,,,,,,,,,,,,,,,,,,,,,
10.3917/ethn.201.0065,hal-02986884,,,,False,,,,,,,,,,,,,,,,,,,,,,,
10.3917/lhs.192.0127,halshs-01246944,,,,False,,,,,,,,,,,,,,,,,,,,,,,
10.3917/mult.065.0184,hal-01629271,,,,False,,,,,,,,,,,,,,,,,,,,,,,
10.3917/parti.009.0125,hal-01083230,,,,False,,,,,,,,,,,,,,,,,,,,,,,
10.3917/ripc.264.0083,hal-03007006,,,,False,,,,,,,,,,,,,,,,,,,,,,,
10.3917/ror.141.0050,hal-02556606,,,,False,,,,,,,,,,,,,,,,,,,,,,,
10.3917/sopr.042.0021,halshs-03231390,,,,False,,,,,,,,,,,,,,,,,,,,,,,
10.4000/ambiances.3126,hal-02568176,,,,False,,,,,,,,,,,,,,,,,,,,,,,
10.4000/ambiances.485,halshs-03204170,,,,False,,,,,,,,,,,,,,,,,,,,,,,
10.4000/ambiances.509,hal-01533243,,,,False,,,,,,,,,,,,,,,,,,,,,,,
10.4000/ambiances.738,halshs-01958336,,,,False,,,,,,,,,,,,,,,,,,,,,,,
10.4000/articulo.2241,hal-00978325,,,,False,,,,,,,,,,,,,,,,,,,,,,,
10.4000/articulo.2271,hal-00978337,,,,False,,,,,,,,,,,,,,,,,,,,,,,
10.4000/articulo.2464,halshs-01316532,,,,False,,,,,,,,,,,,,,,,,,,,,,,
10.4000/articulo.2731,hal-02426686,,,,False,,,,,,,,,,,,,,,,,,,,,,,
10.4000/books.editionscnrs.37008,hal-03107657,,,,False,,,,,,,,,,,,,,,,,,,,,,,
10.4000/books.editionscnrs.37078,hal-03107655,,,,False,,,,,,,,,,,,,,,,,,,,,,,
10.4000/cps.3251,hal-02397480,,,,False,,,,,,,,,,,,,,,,,,,,,,,
10.4000/crau.563,halshs-00918760,,,,False,,,,,,,,,,,,,,,,,,,,,,,
10.4000/craup.1003,hal-02187403,,,,False,,,,,,,,,,,,,,,,,,,,,,,
10.4000/craup.2546,hal-02474409,,,,False,,,,,,,,,,,,,,,,,,,,,,,
10.4000/craup.2966,hal-02439177,,,,False,,,,,,,,,,,,,,,,,,,,,,,
10.4000/craup.3057,halshs-03234360,,,,False,,,,,,,,,,,,,,,,,,,,,,,
10.4000/craup.3647,halshs-02900430,,,,False,,,,,,,,,,,,,,,,,,,,,,,
10.4000/craup.370,hal-02426681,,,,False,,,,,,,,,,,,,,,,,,,,,,,
10.4000/craup.4606,hal-03273481,,,,False,,,,,,,,,,,,,,,,,,,,,,,
10.4000/craup.8625,hal-03402423,,,,False,,,,,,,,,,,,,,,,,,,,,,,
10.4000/cybergeo.25009,halshs-01345699,,,,False,,,,,,,,,,,,,,,,,,,,,,,
10.4000/cybergeo.27713,hal-01562969,,,,False,,,,,,,,,,,,,,,,,,,,,,,
10.4000/developpementdurable.12153,hal-02474296,,,,False,,,,,,,,,,,,,,,,,,,,,,,
10.4000/developpementdurable.9767,halshs-01246933,,,,False,,,,,,,,,,,,,,,,,,,,,,,
10.4000/espacepolitique.8570,hal-03238799,,,,False,,,,,,,,,,,,,,,,,,,,,,,
10.4000/gc.12327,hal-03248350,,,,False,,,,,,,,,,,,,,,,,,,,,,,
10.4000/gc.3969,hal-01519955,,,,False,,,,,,,,,,,,,,,,,,,,,,,
10.4000/insitu.27623,hal-02874766,,,,False,,,,,,,,,,,,,,,,,,,,,,,
10.4000/netcom.2668,hal-01712477,,,,False,,,,,,,,,,,,,,,,,,,,,,,
10.4000/paysage.7362,halshs-01592907,,,,False,,,,,,,,,,,,,,,,,,,,,,,
10.4000/ress.4033,hal-02527821,,,,False,,,,,,,,,,,,,,,,,,,,,,,
10.4000/rga.4088,hal-01995848,,,,False,,,,,,,,,,,,,,,,,,,,,,,
10.4000/slaveries.4305,hal-03238996,,,,False,,,,,,,,,,,,,,,,,,,,,,,
10.4000/sociologies.13079,hal-03156500,,,,False,,,,,,,,,,,,,,,,,,,,,,,
10.4000/tem.4661,hal-02426685,,,,False,,,,,,,,,,,,,,,,,,,,,,,
10.4000/tem.4773,hal-01995855,,,,False,,,,,,,,,,,,,,,,,,,,,,,
10.4000/teth.1009,hal-01672509,,,,False,,,,,,,,,,,,,,,,,,,,,,,
10.4000/vertigo.17411,halshs-01545545,,,,False,,,,,,,,,,,,,,,,,,,,,,,
10.4000/vertigo.23818,hal-02948549,,,,False,,,,,,,,,,,,,,,,,,,,,,,
10.4000/vertigo.25106,halshs-02294890,,,,False,,,,,,,,,,,,,,,,,,,,,,,
10.4018/ijepr.2019100103,hal-02320109,,,,False,,,,,,,,,,,,,,,,,,,,,,,
10.4236/jgis.2020.126036,hal-03060116,,,,False,,,,,,,,,,,,,,,,,,,,,,,
10.4236/jssm.2010.34049,hal-01345710,,,,False,,,,,,,,,,,,,,,,,,,,,,,
10.4337/9781789908619.00018,halshs-02935201,,,,False,,,,,,,,,,,,,,,,,,,,,,,
10.48465/fa.2020.1048,hal-03233772,,,,False,,,,,,,,,,,,,,,,,,,,,,,
10.48537/hal-03220242,hal-03220242,,,,False,,,,,,,,,,,,,,,,,,,,,,,
10.48537/hal-03220248,hal-03220248,,,,False,,,,,,,,,,,,,,,,,,,,,,,
10.48537/hal-03220249,hal-03220249,,,,False,,,,,,,,,,,,,,,,,,,,,,,
10.48537/hal-03220267,hal-03220267,,,,False,,,,,,,,,,,,,,,,,,,,,,,
10.48537/hal-03220269,hal-03220269,,,,False,,,,,,,,,,,,,,,,,,,,,,,
10.48537/hal-03220274,hal-03220274,,,,False,,,,,,,,,,,,,,,,,,,,,,,
10.48537/hal-03220297,hal-03220297,,,,False,,,,,,,,,,,,,,,,,,,,,,,
10.48537/hal-03220301,hal-03220301,,,,False,,,,,,,,,,,,,,,,,,,,,,,
10.48537/hal-03220306,hal-03220306,,,,False,,,,,,,,,,,,,,,,,,,,,,,
10.48537/hal-03220308,hal-03220308,,,,False,,,,,,,,,,,,,,,,,,,,,,,
10.48537/hal-03220311,hal-03220311,,,,False,,,,,,,,,,,,,,,,,,,,,,,
10.48537/hal-03220312,hal-03220312,,,,False,,,,,,,,,,,,,,,,,,,,,,,
10.48537/hal-03220314,hal-03220314,,,,False,,,,,,,,,,,,,,,,,,,,,,,
10.48537/hal-03220315,hal-03220315,,,,False,,,,,,,,,,,,,,,,,,,,,,,
10.48537/hal-03220323,hal-03220323,,,,False,,,,,,,,,,,,,,,,,,,,,,,
10.48537/hal-03220324,hal-03220324,,,,False,,,,,,,,,,,,,,,,,,,,,,,
10.48537/hal-03220329,hal-03220329,,,,False,,,,,,,,,,,,,,,,,,,,,,,
10.48537/hal-03220330,hal-03220330,,,,False,,,,,,,,,,,,,,,,,,,,,,,
10.48537/hal-03220332,hal-03220332,,,,False,,,,,,,,,,,,,,,,,,,,,,,
10.48537/hal-03220333,hal-03220333,,,,False,,,,,,,,,,,,,,,,,,,,,,,
10.48537/hal-03220337,hal-03220337,,,,False,,,,,,,,,,,,,,,,,,,,,,,
10.48537/hal-03220344,hal-03220344,,,,False,,,,,,,,,,,,,,,,,,,,,,,
10.48537/hal-03220354,hal-03220354,,,,False,,,,,,,,,,,,,,,,,,,,,,,
10.48537/hal-03220357,hal-03220357,,,,False,,,,,,,,,,,,,,,,,,,,,,,
10.48537/hal-03220365,hal-03220365,,,,False,,,,,,,,,,,,,,,,,,,,,,,
10.48537/hal-03220383,hal-03220383,,,,False,,,,,,,,,,,,,,,,,,,,,,,
10.4995/lc2015.2015,halshs-01246813,,,,False,,,,,,,,,,,,,,,,,,,,,,,
10.4995/lc2015.2015.659,halshs-01231328,,,,False,,,,,,,,,,,,,,,,,,,,,,,
10.4995/var.2013.4319,hal-01617643,,,,False,,,,,,,,,,,,,,,,,,,,,,,
10.5194/gmd-10-385-2017,hal-02368820,,,,False,,,,,,,,,,,,,,,,,,,,,,,
10.5194/isprs-annals-iv-4-w3-63-2017,hal-01712515,,,,False,,,,,,,,,,,,,,,,,,,,,,,
10.5194/isprs-archives-xliii-b4-2020-623-2020,hal-02932206,,,,False,,,,,,,,,,,,,,,,,,,,,,,
10.5194/isprsarchives-xxxviii-3-w22-77-2011,hal-02552445,,,,False,,,,,,,,,,,,,,,,,,,,,,,
10.5220/0008978600880099,hal-02932169,,,,False,,,,,,,,,,,,,,,,,,,,,,,
10.5772/intechopen.88449,halshs-02460557,,,,False,,,,,,,,,,,,,,,,,,,,,,,
10.7202/1027737ar,halshs-01246803,,,,False,,,,,,,,,,,,,,,,,,,,,,,
10.7202/1030952ar,halshs-01711126,,,,False,,,,,,,,,,,,,,,,,,,,,,,
,hal-00285872,,,,False,,,,,,,,,,,,,,,,,,,,,,,
,hal-00285890,,,,False,,,,,,,,,,,,,,,,,,,,,,,
,hal-00285896,,,,False,,,,,,,,,,,,,,,,,,,,,,,
,hal-00285945,,,,False,,,,,,,,,,,,,,,,,,,,,,,
,hal-00329500,,,,False,,,,,,,,,,,,,,,,,,,,,,,
,hal-00329503,,,,False,,,,,,,,,,,,,,,,,,,,,,,
,hal-00329504,,,,False,,,,,,,,,,,,,,,,,,,,,,,
,hal-00329505,,,,False,,,,,,,,,,,,,,,,,,,,,,,
,hal-00358740,,,,False,,,,,,,,,,,,,,,,,,,,,,,
,hal-00380100,,,,False,,,,,,,,,,,,,,,,,,,,,,,
,hal-00380262,,,,False,,,,,,,,,,,,,,,,,,,,,,,
,hal-00394343,,,,False,,,,,,,,,,,,,,,,,,,,,,,
,hal-00439267,,,,False,,,,,,,,,,,,,,,,,,,,,,,
,hal-00485141,,,,False,,,,,,,,,,,,,,,,,,,,,,,
,hal-00488962,,,,False,,,,,,,,,,,,,,,,,,,,,,,
,hal-00488978,,,,False,,,,,,,,,,,,,,,,,,,,,,,
,hal-00488996,,,,False,,,,,,,,,,,,,,,,,,,,,,,
,hal-00542415,,,,False,,,,,,,,,,,,,,,,,,,,,,,
,hal-00585088,,,,False,,,,,,,,,,,,,,,,,,,,,,,
,hal-00605233,,,,False,,,,,,,,,,,,,,,,,,,,,,,
,hal-00605240,,,,False,,,,,,,,,,,,,,,,,,,,,,,
,hal-00614951,,,,False,,,,,,,,,,,,,,,,,,,,,,,
,hal-00634042,,,,False,,,,,,,,,,,,,,,,,,,,,,,
,hal-00634058,,,,False,,,,,,,,,,,,,,,,,,,,,,,
,hal-00671976,,,,False,,,,,,,,,,,,,,,,,,,,,,,
,hal-00736628,,,,False,,,,,,,,,,,,,,,,,,,,,,,
,hal-00780739,,,,False,,,,,,,,,,,,,,,,,,,,,,,
,hal-00783543,,,,False,,,,,,,,,,,,,,,,,,,,,,,
,hal-00783761,,,,False,,,,,,,,,,,,,,,,,,,,,,,
,hal-00784401,,,,False,,,,,,,,,,,,,,,,,,,,,,,
,hal-00785288,,,,False,,,,,,,,,,,,,,,,,,,,,,,
,hal-00785295,,,,False,,,,,,,,,,,,,,,,,,,,,,,
,hal-00785303,,,,False,,,,,,,,,,,,,,,,,,,,,,,
,hal-00785304,,,,False,,,,,,,,,,,,,,,,,,,,,,,
,hal-00785346,,,,False,,,,,,,,,,,,,,,,,,,,,,,
,hal-00785352,,,,False,,,,,,,,,,,,,,,,,,,,,,,
,hal-00785419,,,,False,,,,,,,,,,,,,,,,,,,,,,,
,hal-00785424,,,,False,,,,,,,,,,,,,,,,,,,,,,,
,hal-00785443,,,,False,,,,,,,,,,,,,,,,,,,,,,,
,hal-00785453,,,,False,,,,,,,,,,,,,,,,,,,,,,,
,hal-00785613,,,,False,,,,,,,,,,,,,,,,,,,,,,,
,hal-00786465,,,,False,,,,,,,,,,,,,,,,,,,,,,,
,hal-00786603,,,,False,,,,,,,,,,,,,,,,,,,,,,,
,hal-00786604,,,,False,,,,,,,,,,,,,,,,,,,,,,,
,hal-00786760,,,,False,,,,,,,,,,,,,,,,,,,,,,,
,hal-00786768,,,,False,,,,,,,,,,,,,,,,,,,,,,,
,hal-00810612,,,,False,,,,,,,,,,,,,,,,,,,,,,,
,hal-00816843,,,,False,,,,,,,,,,,,,,,,,,,,,,,
,hal-00910594,,,,False,,,,,,,,,,,,,,,,,,,,,,,
,hal-00910596,,,,False,,,,,,,,,,,,,,,,,,,,,,,
,hal-00910609,,,,False,,,,,,,,,,,,,,,,,,,,,,,
,hal-00910659,,,,False,,,,,,,,,,,,,,,,,,,,,,,
,hal-00911154,,,,False,,,,,,,,,,,,,,,,,,,,,,,
,hal-00923808,,,,False,,,,,,,,,,,,,,,,,,,,,,,
,hal-00968248,,,,False,,,,,,,,,,,,,,,,,,,,,,,
,hal-00974804,,,,False,,,,,,,,,,,,,,,,,,,,,,,
,hal-00974805,,,,False,,,,,,,,,,,,,,,,,,,,,,,
,hal-00975415,,,,False,,,,,,,,,,,,,,,,,,,,,,,
,hal-00978318,,,,False,,,,,,,,,,,,,,,,,,,,,,,
,hal-00978320,,,,False,,,,,,,,,,,,,,,,,,,,,,,
,hal-00978322,,,,False,,,,,,,,,,,,,,,,,,,,,,,
,hal-00978323,,,,False,,,,,,,,,,,,,,,,,,,,,,,
,hal-00978327,,,,False,,,,,,,,,,,,,,,,,,,,,,,
,hal-00978331,,,,False,,,,,,,,,,,,,,,,,,,,,,,
,hal-00978332,,,,False,,,,,,,,,,,,,,,,,,,,,,,
,hal-00978333,,,,False,,,,,,,,,,,,,,,,,,,,,,,
,hal-00978334,,,,False,,,,,,,,,,,,,,,,,,,,,,,
,hal-00978335,,,,False,,,,,,,,,,,,,,,,,,,,,,,
,hal-00978336,,,,False,,,,,,,,,,,,,,,,,,,,,,,
,hal-00978338,,,,False,,,,,,,,,,,,,,,,,,,,,,,
,hal-00978340,,,,False,,,,,,,,,,,,,,,,,,,,,,,
,hal-00978341,,,,False,,,,,,,,,,,,,,,,,,,,,,,
,hal-00978343,,,,False,,,,,,,,,,,,,,,,,,,,,,,
,hal-00978345,,,,False,,,,,,,,,,,,,,,,,,,,,,,
,hal-00980727,,,,False,,,,,,,,,,,,,,,,,,,,,,,
,hal-00980728,,,,False,,,,,,,,,,,,,,,,,,,,,,,
,hal-00980729,,,,False,,,,,,,,,,,,,,,,,,,,,,,
,hal-00980730,,,,False,,,,,,,,,,,,,,,,,,,,,,,
,hal-00980732,,,,False,,,,,,,,,,,,,,,,,,,,,,,
,hal-00980734,,,,False,,,,,,,,,,,,,,,,,,,,,,,
,hal-00980735,,,,False,,,,,,,,,,,,,,,,,,,,,,,
,hal-00980736,,,,False,,,,,,,,,,,,,,,,,,,,,,,
,hal-00980737,,,,False,,,,,,,,,,,,,,,,,,,,,,,
,hal-00980739,,,,False,,,,,,,,,,,,,,,,,,,,,,,
,hal-00980740,,,,False,,,,,,,,,,,,,,,,,,,,,,,
,hal-00980742,,,,False,,,,,,,,,,,,,,,,,,,,,,,
,hal-00980743,,,,False,,,,,,,,,,,,,,,,,,,,,,,
,hal-00980744,,,,False,,,,,,,,,,,,,,,,,,,,,,,
,hal-00980746,,,,False,,,,,,,,,,,,,,,,,,,,,,,
,hal-00980748,,,,False,,,,,,,,,,,,,,,,,,,,,,,
,hal-00980749,,,,False,,,,,,,,,,,,,,,,,,,,,,,
,hal-00980751,,,,False,,,,,,,,,,,,,,,,,,,,,,,
,hal-00980752,,,,False,,,,,,,,,,,,,,,,,,,,,,,
,hal-00980755,,,,False,,,,,,,,,,,,,,,,,,,,,,,
,hal-00980759,,,,False,,,,,,,,,,,,,,,,,,,,,,,
,hal-00993604,,,,False,,,,,,,,,,,,,,,,,,,,,,,
,hal-00993606,,,,False,,,,,,,,,,,,,,,,,,,,,,,
,hal-00993607,,,,False,,,,,,,,,,,,,,,,,,,,,,,
,hal-00993609,,,,False,,,,,,,,,,,,,,,,,,,,,,,
,hal-00993611,,,,False,,,,,,,,,,,,,,,,,,,,,,,
,hal-00993613,,,,False,,,,,,,,,,,,,,,,,,,,,,,
,hal-00993614,,,,False,,,,,,,,,,,,,,,,,,,,,,,
,hal-00993615,,,,False,,,,,,,,,,,,,,,,,,,,,,,
,hal-00993616,,,,False,,,,,,,,,,,,,,,,,,,,,,,
,hal-00993617,,,,False,,,,,,,,,,,,,,,,,,,,,,,
,hal-00993618,,,,False,,,,,,,,,,,,,,,,,,,,,,,
,hal-00993622,,,,False,,,,,,,,,,,,,,,,,,,,,,,
,hal-00993623,,,,False,,,,,,,,,,,,,,,,,,,,,,,
,hal-00993625,,,,False,,,,,,,,,,,,,,,,,,,,,,,
,hal-00993626,,,,False,,,,,,,,,,,,,,,,,,,,,,,
,hal-00993627,,,,False,,,,,,,,,,,,,,,,,,,,,,,
,hal-00993628,,,,False,,,,,,,,,,,,,,,,,,,,,,,
,hal-00993629,,,,False,,,,,,,,,,,,,,,,,,,,,,,
,hal-00993631,,,,False,,,,,,,,,,,,,,,,,,,,,,,
,hal-00993632,,,,False,,,,,,,,,,,,,,,,,,,,,,,
,hal-00993633,,,,False,,,,,,,,,,,,,,,,,,,,,,,
,hal-00993634,,,,False,,,,,,,,,,,,,,,,,,,,,,,
,hal-00993636,,,,False,,,,,,,,,,,,,,,,,,,,,,,
,hal-00993637,,,,False,,,,,,,,,,,,,,,,,,,,,,,
,hal-00993638,,,,False,,,,,,,,,,,,,,,,,,,,,,,
,hal-00993639,,,,False,,,,,,,,,,,,,,,,,,,,,,,
,hal-00993640,,,,False,,,,,,,,,,,,,,,,,,,,,,,
,hal-00993641,,,,False,,,,,,,,,,,,,,,,,,,,,,,
,hal-00993642,,,,False,,,,,,,,,,,,,,,,,,,,,,,
,hal-00993643,,,,False,,,,,,,,,,,,,,,,,,,,,,,
,hal-00993645,,,,False,,,,,,,,,,,,,,,,,,,,,,,
,hal-00993646,,,,False,,,,,,,,,,,,,,,,,,,,,,,
,hal-00993650,,,,False,,,,,,,,,,,,,,,,,,,,,,,
,hal-00993651,,,,False,,,,,,,,,,,,,,,,,,,,,,,
,hal-00993654,,,,False,,,,,,,,,,,,,,,,,,,,,,,
,hal-00993655,,,,False,,,,,,,,,,,,,,,,,,,,,,,
,hal-00993656,,,,False,,,,,,,,,,,,,,,,,,,,,,,
,hal-00993658,,,,False,,,,,,,,,,,,,,,,,,,,,,,
,hal-00993659,,,,False,,,,,,,,,,,,,,,,,,,,,,,
,hal-00993660,,,,False,,,,,,,,,,,,,,,,,,,,,,,
,hal-00993661,,,,False,,,,,,,,,,,,,,,,,,,,,,,
,hal-00993662,,,,False,,,,,,,,,,,,,,,,,,,,,,,
,hal-00993663,,,,False,,,,,,,,,,,,,,,,,,,,,,,
,hal-00993664,,,,False,,,,,,,,,,,,,,,,,,,,,,,
,hal-00993665,,,,False,,,,,,,,,,,,,,,,,,,,,,,
,hal-00993666,,,,False,,,,,,,,,,,,,,,,,,,,,,,
,hal-00993667,,,,False,,,,,,,,,,,,,,,,,,,,,,,
,hal-00993668,,,,False,,,,,,,,,,,,,,,,,,,,,,,
,hal-00993669,,,,False,,,,,,,,,,,,,,,,,,,,,,,
,hal-00993670,,,,False,,,,,,,,,,,,,,,,,,,,,,,
,hal-00993671,,,,False,,,,,,,,,,,,,,,,,,,,,,,
,hal-00993686,,,,False,,,,,,,,,,,,,,,,,,,,,,,
,hal-00993687,,,,False,,,,,,,,,,,,,,,,,,,,,,,
,hal-00993688,,,,False,,,,,,,,,,,,,,,,,,,,,,,
,hal-00993689,,,,False,,,,,,,,,,,,,,,,,,,,,,,
,hal-00993690,,,,False,,,,,,,,,,,,,,,,,,,,,,,
,hal-00993691,,,,False,,,,,,,,,,,,,,,,,,,,,,,
,hal-00993692,,,,False,,,,,,,,,,,,,,,,,,,,,,,
,hal-00993693,,,,False,,,,,,,,,,,,,,,,,,,,,,,
,hal-00993694,,,,False,,,,,,,,,,,,,,,,,,,,,,,
,hal-00993695,,,,False,,,,,,,,,,,,,,,,,,,,,,,
,hal-00993697,,,,False,,,,,,,,,,,,,,,,,,,,,,,
,hal-00993698,,,,False,,,,,,,,,,,,,,,,,,,,,,,
,hal-00993699,,,,False,,,,,,,,,,,,,,,,,,,,,,,
,hal-00993700,,,,False,,,,,,,,,,,,,,,,,,,,,,,
,hal-00993701,,,,False,,,,,,,,,,,,,,,,,,,,,,,
,hal-00993702,,,,False,,,,,,,,,,,,,,,,,,,,,,,
,hal-00993703,,,,False,,,,,,,,,,,,,,,,,,,,,,,
,hal-00993705,,,,False,,,,,,,,,,,,,,,,,,,,,,,
,hal-00993706,,,,False,,,,,,,,,,,,,,,,,,,,,,,
,hal-00993707,,,,False,,,,,,,,,,,,,,,,,,,,,,,
,hal-00993708,,,,False,,,,,,,,,,,,,,,,,,,,,,,
,hal-00993710,,,,False,,,,,,,,,,,,,,,,,,,,,,,
,hal-00993711,,,,False,,,,,,,,,,,,,,,,,,,,,,,
,hal-00993735,,,,False,,,,,,,,,,,,,,,,,,,,,,,
,hal-00993736,,,,False,,,,,,,,,,,,,,,,,,,,,,,
,hal-00993738,,,,False,,,,,,,,,,,,,,,,,,,,,,,
,hal-00993740,,,,False,,,,,,,,,,,,,,,,,,,,,,,
,hal-00993741,,,,False,,,,,,,,,,,,,,,,,,,,,,,
,hal-00993742,,,,False,,,,,,,,,,,,,,,,,,,,,,,
,hal-00993743,,,,False,,,,,,,,,,,,,,,,,,,,,,,
,hal-00993744,,,,False,,,,,,,,,,,,,,,,,,,,,,,
,hal-00993760,,,,False,,,,,,,,,,,,,,,,,,,,,,,
,hal-00993761,,,,False,,,,,,,,,,,,,,,,,,,,,,,
,hal-00993762,,,,False,,,,,,,,,,,,,,,,,,,,,,,
,hal-00993763,,,,False,,,,,,,,,,,,,,,,,,,,,,,
,hal-00993764,,,,False,,,,,,,,,,,,,,,,,,,,,,,
,hal-00993765,,,,False,,,,,,,,,,,,,,,,,,,,,,,
,hal-00993766,,,,False,,,,,,,,,,,,,,,,,,,,,,,
,hal-00993768,,,,False,,,,,,,,,,,,,,,,,,,,,,,
,hal-00995433,,,,False,,,,,,,,,,,,,,,,,,,,,,,
,hal-00995434,,,,False,,,,,,,,,,,,,,,,,,,,,,,
,hal-00995435,,,,False,,,,,,,,,,,,,,,,,,,,,,,
,hal-00995436,,,,False,,,,,,,,,,,,,,,,,,,,,,,
,hal-00995438,,,,False,,,,,,,,,,,,,,,,,,,,,,,
,hal-00995439,,,,False,,,,,,,,,,,,,,,,,,,,,,,
,hal-00995440,,,,False,,,,,,,,,,,,,,,,,,,,,,,
,hal-00995441,,,,False,,,,,,,,,,,,,,,,,,,,,,,
,hal-00995442,,,,False,,,,,,,,,,,,,,,,,,,,,,,
,hal-00995443,,,,False,,,,,,,,,,,,,,,,,,,,,,,
,hal-00995444,,,,False,,,,,,,,,,,,,,,,,,,,,,,
,hal-00995445,,,,False,,,,,,,,,,,,,,,,,,,,,,,
,hal-00995447,,,,False,,,,,,,,,,,,,,,,,,,,,,,
,hal-00995448,,,,False,,,,,,,,,,,,,,,,,,,,,,,
,hal-00995449,,,,False,,,,,,,,,,,,,,,,,,,,,,,
,hal-00995450,,,,False,,,,,,,,,,,,,,,,,,,,,,,
,hal-00995452,,,,False,,,,,,,,,,,,,,,,,,,,,,,
,hal-00995453,,,,False,,,,,,,,,,,,,,,,,,,,,,,
,hal-00995454,,,,False,,,,,,,,,,,,,,,,,,,,,,,
,hal-00995455,,,,False,,,,,,,,,,,,,,,,,,,,,,,
,hal-00995456,,,,False,,,,,,,,,,,,,,,,,,,,,,,
,hal-00995457,,,,False,,,,,,,,,,,,,,,,,,,,,,,
,hal-00995458,,,,False,,,,,,,,,,,,,,,,,,,,,,,
,hal-00995459,,,,False,,,,,,,,,,,,,,,,,,,,,,,
,hal-00995460,,,,False,,,,,,,,,,,,,,,,,,,,,,,
,hal-00995461,,,,False,,,,,,,,,,,,,,,,,,,,,,,
,hal-00995462,,,,False,,,,,,,,,,,,,,,,,,,,,,,
,hal-00995463,,,,False,,,,,,,,,,,,,,,,,,,,,,,
,hal-00995464,,,,False,,,,,,,,,,,,,,,,,,,,,,,
,hal-00995468,,,,False,,,,,,,,,,,,,,,,,,,,,,,
,hal-00995469,,,,False,,,,,,,,,,,,,,,,,,,,,,,
,hal-00995470,,,,False,,,,,,,,,,,,,,,,,,,,,,,
,hal-00995471,,,,False,,,,,,,,,,,,,,,,,,,,,,,
,hal-00995472,,,,False,,,,,,,,,,,,,,,,,,,,,,,
,hal-00995473,,,,False,,,,,,,,,,,,,,,,,,,,,,,
,hal-00995474,,,,False,,,,,,,,,,,,,,,,,,,,,,,
,hal-00995475,,,,False,,,,,,,,,,,,,,,,,,,,,,,
,hal-00995476,,,,False,,,,,,,,,,,,,,,,,,,,,,,
,hal-00995478,,,,False,,,,,,,,,,,,,,,,,,,,,,,
,hal-00995479,,,,False,,,,,,,,,,,,,,,,,,,,,,,
,hal-00995480,,,,False,,,,,,,,,,,,,,,,,,,,,,,
,hal-00995483,,,,False,,,,,,,,,,,,,,,,,,,,,,,
,hal-00995484,,,,False,,,,,,,,,,,,,,,,,,,,,,,
,hal-00995485,,,,False,,,,,,,,,,,,,,,,,,,,,,,
,hal-00995486,,,,False,,,,,,,,,,,,,,,,,,,,,,,
,hal-00995489,,,,False,,,,,,,,,,,,,,,,,,,,,,,
,hal-00995491,,,,False,,,,,,,,,,,,,,,,,,,,,,,
,hal-00995492,,,,False,,,,,,,,,,,,,,,,,,,,,,,
,hal-00995493,,,,False,,,,,,,,,,,,,,,,,,,,,,,
,hal-00995494,,,,False,,,,,,,,,,,,,,,,,,,,,,,
,hal-00995495,,,,False,,,,,,,,,,,,,,,,,,,,,,,
,hal-00995496,,,,False,,,,,,,,,,,,,,,,,,,,,,,
,hal-00995497,,,,False,,,,,,,,,,,,,,,,,,,,,,,
,hal-00995498,,,,False,,,,,,,,,,,,,,,,,,,,,,,
,hal-00995500,,,,False,,,,,,,,,,,,,,,,,,,,,,,
,hal-00995501,,,,False,,,,,,,,,,,,,,,,,,,,,,,
,hal-00995502,,,,False,,,,,,,,,,,,,,,,,,,,,,,
,hal-00995503,,,,False,,,,,,,,,,,,,,,,,,,,,,,
,hal-00995504,,,,False,,,,,,,,,,,,,,,,,,,,,,,
,hal-00995507,,,,False,,,,,,,,,,,,,,,,,,,,,,,
,hal-00995509,,,,False,,,,,,,,,,,,,,,,,,,,,,,
,hal-00995510,,,,False,,,,,,,,,,,,,,,,,,,,,,,
,hal-00995511,,,,False,,,,,,,,,,,,,,,,,,,,,,,
,hal-00995514,,,,False,,,,,,,,,,,,,,,,,,,,,,,
,hal-00995515,,,,False,,,,,,,,,,,,,,,,,,,,,,,
,hal-00995546,,,,False,,,,,,,,,,,,,,,,,,,,,,,
,hal-00995547,,,,False,,,,,,,,,,,,,,,,,,,,,,,
,hal-00995548,,,,False,,,,,,,,,,,,,,,,,,,,,,,
,hal-00995549,,,,False,,,,,,,,,,,,,,,,,,,,,,,
,hal-00995550,,,,False,,,,,,,,,,,,,,,,,,,,,,,
,hal-00995551,,,,False,,,,,,,,,,,,,,,,,,,,,,,
,hal-00995552,,,,False,,,,,,,,,,,,,,,,,,,,,,,
,hal-00995554,,,,False,,,,,,,,,,,,,,,,,,,,,,,
,hal-00995555,,,,False,,,,,,,,,,,,,,,,,,,,,,,
,hal-00995556,,,,False,,,,,,,,,,,,,,,,,,,,,,,
,hal-00995557,,,,False,,,,,,,,,,,,,,,,,,,,,,,
,hal-00995558,,,,False,,,,,,,,,,,,,,,,,,,,,,,
,hal-00995559,,,,False,,,,,,,,,,,,,,,,,,,,,,,
,hal-00995560,,,,False,,,,,,,,,,,,,,,,,,,,,,,
,hal-00995561,,,,False,,,,,,,,,,,,,,,,,,,,,,,
,hal-00995563,,,,False,,,,,,,,,,,,,,,,,,,,,,,
,hal-00995564,,,,False,,,,,,,,,,,,,,,,,,,,,,,
,hal-00995565,,,,False,,,,,,,,,,,,,,,,,,,,,,,
,hal-00995566,,,,False,,,,,,,,,,,,,,,,,,,,,,,
,hal-00995567,,,,False,,,,,,,,,,,,,,,,,,,,,,,
,hal-00995568,,,,False,,,,,,,,,,,,,,,,,,,,,,,
,hal-00995569,,,,False,,,,,,,,,,,,,,,,,,,,,,,
,hal-00995570,,,,False,,,,,,,,,,,,,,,,,,,,,,,
,hal-00995571,,,,False,,,,,,,,,,,,,,,,,,,,,,,
,hal-00995572,,,,False,,,,,,,,,,,,,,,,,,,,,,,
,hal-00995914,,,,False,,,,,,,,,,,,,,,,,,,,,,,
,hal-01062341,,,,False,,,,,,,,,,,,,,,,,,,,,,,
,hal-01113932,,,,False,,,,,,,,,,,,,,,,,,,,,,,
,hal-01141840,,,,False,,,,,,,,,,,,,,,,,,,,,,,
,hal-01155846,,,,False,,,,,,,,,,,,,,,,,,,,,,,
,hal-01155852,,,,False,,,,,,,,,,,,,,,,,,,,,,,
,hal-01164452,,,,False,,,,,,,,,,,,,,,,,,,,,,,
,hal-01164456,,,,False,,,,,,,,,,,,,,,,,,,,,,,
,hal-01175874,,,,False,,,,,,,,,,,,,,,,,,,,,,,
,hal-01175877,,,,False,,,,,,,,,,,,,,,,,,,,,,,
,hal-01175883,,,,False,,,,,,,,,,,,,,,,,,,,,,,
,hal-01188209,,,,False,,,,,,,,,,,,,,,,,,,,,,,
,hal-01194465,,,,False,,,,,,,,,,,,,,,,,,,,,,,
,hal-01213548,,,,False,,,,,,,,,,,,,,,,,,,,,,,
,hal-01219222,,,,False,,,,,,,,,,,,,,,,,,,,,,,
,hal-01220526,,,,False,,,,,,,,,,,,,,,,,,,,,,,
,hal-01221384,,,,False,,,,,,,,,,,,,,,,,,,,,,,
,hal-01226350,,,,False,,,,,,,,,,,,,,,,,,,,,,,
,hal-01241177,,,,False,,,,,,,,,,,,,,,,,,,,,,,
,hal-01241194,,,,False,,,,,,,,,,,,,,,,,,,,,,,
,hal-01242206,,,,False,,,,,,,,,,,,,,,,,,,,,,,
,hal-01245453,,,,False,,,,,,,,,,,,,,,,,,,,,,,
,hal-01245455,,,,False,,,,,,,,,,,,,,,,,,,,,,,
,hal-01245459,,,,False,,,,,,,,,,,,,,,,,,,,,,,
,hal-01248567,,,,False,,,,,,,,,,,,,,,,,,,,,,,
,hal-01263192,,,,False,,,,,,,,,,,,,,,,,,,,,,,
,hal-01274934,,,,False,,,,,,,,,,,,,,,,,,,,,,,
,hal-01274986,,,,False,,,,,,,,,,,,,,,,,,,,,,,
,hal-01275009,,,,False,,,,,,,,,,,,,,,,,,,,,,,
,hal-01275040,,,,False,,,,,,,,,,,,,,,,,,,,,,,
,hal-01275068,,,,False,,,,,,,,,,,,,,,,,,,,,,,
,hal-01275083,,,,False,,,,,,,,,,,,,,,,,,,,,,,
,hal-01276772,,,,False,,,,,,,,,,,,,,,,,,,,,,,
,hal-01295465,,,,False,,,,,,,,,,,,,,,,,,,,,,,
,hal-01295476,,,,False,,,,,,,,,,,,,,,,,,,,,,,
,hal-01300649,,,,False,,,,,,,,,,,,,,,,,,,,,,,
,hal-01315220,,,,False,,,,,,,,,,,,,,,,,,,,,,,
,hal-01315242,,,,False,,,,,,,,,,,,,,,,,,,,,,,
,hal-01324053,,,,False,,,,,,,,,,,,,,,,,,,,,,,
,hal-01324078,,,,False,,,,,,,,,,,,,,,,,,,,,,,
,hal-01329306,,,,False,,,,,,,,,,,,,,,,,,,,,,,
,hal-01341181,,,,False,,,,,,,,,,,,,,,,,,,,,,,
,hal-01341194,,,,False,,,,,,,,,,,,,,,,,,,,,,,
,hal-01346847,,,,False,,,,,,,,,,,,,,,,,,,,,,,
,hal-01347157,,,,False,,,,,,,,,,,,,,,,,,,,,,,
,hal-01347179,,,,False,,,,,,,,,,,,,,,,,,,,,,,
,hal-01347228,,,,False,,,,,,,,,,,,,,,,,,,,,,,
,hal-01347252,,,,False,,,,,,,,,,,,,,,,,,,,,,,
,hal-01347325,,,,False,,,,,,,,,,,,,,,,,,,,,,,
,hal-01347499,,,,False,,,,,,,,,,,,,,,,,,,,,,,
,hal-01347580,,,,False,,,,,,,,,,,,,,,,,,,,,,,
,hal-01356246,,,,False,,,,,,,,,,,,,,,,,,,,,,,
,hal-01358228,,,,False,,,,,,,,,,,,,,,,,,,,,,,
,hal-01361440,,,,False,,,,,,,,,,,,,,,,,,,,,,,
,hal-01363682,,,,False,,,,,,,,,,,,,,,,,,,,,,,
,hal-01364087,,,,False,,,,,,,,,,,,,,,,,,,,,,,
,hal-01373799,,,,False,,,,,,,,,,,,,,,,,,,,,,,
,hal-01389060,,,,False,,,,,,,,,,,,,,,,,,,,,,,
,hal-01389076,,,,False,,,,,,,,,,,,,,,,,,,,,,,
,hal-01402727,,,,False,,,,,,,,,,,,,,,,,,,,,,,
,hal-01404359,,,,False,,,,,,,,,,,,,,,,,,,,,,,
,hal-01404360,,,,False,,,,,,,,,,,,,,,,,,,,,,,
,hal-01404361,,,,False,,,,,,,,,,,,,,,,,,,,,,,
,hal-01404362,,,,False,,,,,,,,,,,,,,,,,,,,,,,
,hal-01404363,,,,False,,,,,,,,,,,,,,,,,,,,,,,
,hal-01404364,,,,False,,,,,,,,,,,,,,,,,,,,,,,
,hal-01404365,,,,False,,,,,,,,,,,,,,,,,,,,,,,
,hal-01404366,,,,False,,,,,,,,,,,,,,,,,,,,,,,
,hal-01404367,,,,False,,,,,,,,,,,,,,,,,,,,,,,
,hal-01404368,,,,False,,,,,,,,,,,,,,,,,,,,,,,
,hal-01404369,,,,False,,,,,,,,,,,,,,,,,,,,,,,
,hal-01404370,,,,False,,,,,,,,,,,,,,,,,,,,,,,
,hal-01404371,,,,False,,,,,,,,,,,,,,,,,,,,,,,
,hal-01404372,,,,False,,,,,,,,,,,,,,,,,,,,,,,
,hal-01404373,,,,False,,,,,,,,,,,,,,,,,,,,,,,
,hal-01404374,,,,False,,,,,,,,,,,,,,,,,,,,,,,
,hal-01404375,,,,False,,,,,,,,,,,,,,,,,,,,,,,
,hal-01404376,,,,False,,,,,,,,,,,,,,,,,,,,,,,
,hal-01404377,,,,False,,,,,,,,,,,,,,,,,,,,,,,
,hal-01404378,,,,False,,,,,,,,,,,,,,,,,,,,,,,
,hal-01404379,,,,False,,,,,,,,,,,,,,,,,,,,,,,
,hal-01404380,,,,False,,,,,,,,,,,,,,,,,,,,,,,
,hal-01404382,,,,False,,,,,,,,,,,,,,,,,,,,,,,
,hal-01404383,,,,False,,,,,,,,,,,,,,,,,,,,,,,
,hal-01404440,,,,False,,,,,,,,,,,,,,,,,,,,,,,
,hal-01404441,,,,False,,,,,,,,,,,,,,,,,,,,,,,
,hal-01404442,,,,False,,,,,,,,,,,,,,,,,,,,,,,
,hal-01404443,,,,False,,,,,,,,,,,,,,,,,,,,,,,
,hal-01404444,,,,False,,,,,,,,,,,,,,,,,,,,,,,
,hal-01404445,,,,False,,,,,,,,,,,,,,,,,,,,,,,
,hal-01404446,,,,False,,,,,,,,,,,,,,,,,,,,,,,
,hal-01409618,,,,False,,,,,,,,,,,,,,,,,,,,,,,
,hal-01409714,,,,False,,,,,,,,,,,,,,,,,,,,,,,
,hal-01412287,,,,False,,,,,,,,,,,,,,,,,,,,,,,
,hal-01414019,,,,False,,,,,,,,,,,,,,,,,,,,,,,
,hal-01414063,,,,False,,,,,,,,,,,,,,,,,,,,,,,
,hal-01414080,,,,False,,,,,,,,,,,,,,,,,,,,,,,
,hal-01414239,,,,False,,,,,,,,,,,,,,,,,,,,,,,
,hal-01419363,,,,False,,,,,,,,,,,,,,,,,,,,,,,
,hal-01428653,,,,False,,,,,,,,,,,,,,,,,,,,,,,
,hal-01428779,,,,False,,,,,,,,,,,,,,,,,,,,,,,
,hal-01459043,,,,False,,,,,,,,,,,,,,,,,,,,,,,
,hal-01483440,,,,False,,,,,,,,,,,,,,,,,,,,,,,
,hal-01483443,,,,False,,,,,,,,,,,,,,,,,,,,,,,
,hal-01488320,,,,False,,,,,,,,,,,,,,,,,,,,,,,
,hal-01491479,,,,False,,,,,,,,,,,,,,,,,,,,,,,
,hal-01493219,,,,False,,,,,,,,,,,,,,,,,,,,,,,
,hal-01493297,,,,False,,,,,,,,,,,,,,,,,,,,,,,
,hal-01493299,,,,False,,,,,,,,,,,,,,,,,,,,,,,
,hal-01501170,,,,False,,,,,,,,,,,,,,,,,,,,,,,
,hal-01502105,,,,False,,,,,,,,,,,,,,,,,,,,,,,
,hal-01502443,,,,False,,,,,,,,,,,,,,,,,,,,,,,
,hal-01502814,,,,False,,,,,,,,,,,,,,,,,,,,,,,
,hal-01505442,,,,False,,,,,,,,,,,,,,,,,,,,,,,
,hal-01505443,,,,False,,,,,,,,,,,,,,,,,,,,,,,
,hal-01505444,,,,False,,,,,,,,,,,,,,,,,,,,,,,
,hal-01505446,,,,False,,,,,,,,,,,,,,,,,,,,,,,
,hal-01508973,,,,False,,,,,,,,,,,,,,,,,,,,,,,
,hal-01508976,,,,False,,,,,,,,,,,,,,,,,,,,,,,
,hal-01509173,,,,False,,,,,,,,,,,,,,,,,,,,,,,
,hal-01516782,,,,False,,,,,,,,,,,,,,,,,,,,,,,
,hal-01516784,,,,False,,,,,,,,,,,,,,,,,,,,,,,
,hal-01516785,,,,False,,,,,,,,,,,,,,,,,,,,,,,
,hal-01516813,,,,False,,,,,,,,,,,,,,,,,,,,,,,
,hal-01518090,,,,False,,,,,,,,,,,,,,,,,,,,,,,
,hal-01518091,,,,False,,,,,,,,,,,,,,,,,,,,,,,
,hal-01518092,,,,False,,,,,,,,,,,,,,,,,,,,,,,
,hal-01518094,,,,False,,,,,,,,,,,,,,,,,,,,,,,
,hal-01518095,,,,False,,,,,,,,,,,,,,,,,,,,,,,
,hal-01518096,,,,False,,,,,,,,,,,,,,,,,,,,,,,
,hal-01518097,,,,False,,,,,,,,,,,,,,,,,,,,,,,
,hal-01518098,,,,False,,,,,,,,,,,,,,,,,,,,,,,
,hal-01518175,,,,False,,,,,,,,,,,,,,,,,,,,,,,
,hal-01518176,,,,False,,,,,,,,,,,,,,,,,,,,,,,
,hal-01518177,,,,False,,,,,,,,,,,,,,,,,,,,,,,
,hal-01518178,,,,False,,,,,,,,,,,,,,,,,,,,,,,
,hal-01518180,,,,False,,,,,,,,,,,,,,,,,,,,,,,
,hal-01518311,,,,False,,,,,,,,,,,,,,,,,,,,,,,
,hal-01518312,,,,False,,,,,,,,,,,,,,,,,,,,,,,
,hal-01519893,,,,False,,,,,,,,,,,,,,,,,,,,,,,
,hal-01520075,,,,False,,,,,,,,,,,,,,,,,,,,,,,
,hal-01520076,,,,False,,,,,,,,,,,,,,,,,,,,,,,
,hal-01520077,,,,False,,,,,,,,,,,,,,,,,,,,,,,
,hal-01520078,,,,False,,,,,,,,,,,,,,,,,,,,,,,
,hal-01521471,,,,False,,,,,,,,,,,,,,,,,,,,,,,
,hal-01521484,,,,False,,,,,,,,,,,,,,,,,,,,,,,
,hal-01521485,,,,False,,,,,,,,,,,,,,,,,,,,,,,
,hal-01521486,,,,False,,,,,,,,,,,,,,,,,,,,,,,
,hal-01521497,,,,False,,,,,,,,,,,,,,,,,,,,,,,
,hal-01521499,,,,False,,,,,,,,,,,,,,,,,,,,,,,
,hal-01521507,,,,False,,,,,,,,,,,,,,,,,,,,,,,
,hal-01521508,,,,False,,,,,,,,,,,,,,,,,,,,,,,
,hal-01521509,,,,False,,,,,,,,,,,,,,,,,,,,,,,
,hal-01521510,,,,False,,,,,,,,,,,,,,,,,,,,,,,
,hal-01521511,,,,False,,,,,,,,,,,,,,,,,,,,,,,
,hal-01521512,,,,False,,,,,,,,,,,,,,,,,,,,,,,
,hal-01521513,,,,False,,,,,,,,,,,,,,,,,,,,,,,
,hal-01521514,,,,False,,,,,,,,,,,,,,,,,,,,,,,
,hal-01521515,,,,False,,,,,,,,,,,,,,,,,,,,,,,
,hal-01521516,,,,False,,,,,,,,,,,,,,,,,,,,,,,
,hal-01521517,,,,False,,,,,,,,,,,,,,,,,,,,,,,
,hal-01521520,,,,False,,,,,,,,,,,,,,,,,,,,,,,
,hal-01521521,,,,False,,,,,,,,,,,,,,,,,,,,,,,
,hal-01521549,,,,False,,,,,,,,,,,,,,,,,,,,,,,
,hal-01521552,,,,False,,,,,,,,,,,,,,,,,,,,,,,
,hal-01521554,,,,False,,,,,,,,,,,,,,,,,,,,,,,
,hal-01521555,,,,False,,,,,,,,,,,,,,,,,,,,,,,
,hal-01529292,,,,False,,,,,,,,,,,,,,,,,,,,,,,
,hal-01533246,,,,False,,,,,,,,,,,,,,,,,,,,,,,
,hal-01533255,,,,False,,,,,,,,,,,,,,,,,,,,,,,
,hal-01535908,,,,False,,,,,,,,,,,,,,,,,,,,,,,
,hal-01535997,,,,False,,,,,,,,,,,,,,,,,,,,,,,
,hal-01536204,,,,False,,,,,,,,,,,,,,,,,,,,,,,
,hal-01541120,,,,False,,,,,,,,,,,,,,,,,,,,,,,
,hal-01542934,,,,False,,,,,,,,,,,,,,,,,,,,,,,
,hal-01545627,,,,False,,,,,,,,,,,,,,,,,,,,,,,
,hal-01545632,,,,False,,,,,,,,,,,,,,,,,,,,,,,
,hal-01552932,,,,False,,,,,,,,,,,,,,,,,,,,,,,
,hal-01555295,,,,False,,,,,,,,,,,,,,,,,,,,,,,
,hal-01560019,,,,False,,,,,,,,,,,,,,,,,,,,,,,
,hal-01560039,,,,False,,,,,,,,,,,,,,,,,,,,,,,
,hal-01560048,,,,False,,,,,,,,,,,,,,,,,,,,,,,
,hal-01560105,,,,False,,,,,,,,,,,,,,,,,,,,,,,
,hal-01560138,,,,False,,,,,,,,,,,,,,,,,,,,,,,
,hal-01560163,,,,False,,,,,,,,,,,,,,,,,,,,,,,
,hal-01560172,,,,False,,,,,,,,,,,,,,,,,,,,,,,
,hal-01561162,,,,False,,,,,,,,,,,,,,,,,,,,,,,
,hal-01561242,,,,False,,,,,,,,,,,,,,,,,,,,,,,
,hal-01561340,,,,False,,,,,,,,,,,,,,,,,,,,,,,
,hal-01561360,,,,False,,,,,,,,,,,,,,,,,,,,,,,
,hal-01561382,,,,False,,,,,,,,,,,,,,,,,,,,,,,
,hal-01561405,,,,False,,,,,,,,,,,,,,,,,,,,,,,
,hal-01561432,,,,False,,,,,,,,,,,,,,,,,,,,,,,
,hal-01561455,,,,False,,,,,,,,,,,,,,,,,,,,,,,
,hal-01561579,,,,False,,,,,,,,,,,,,,,,,,,,,,,
,hal-01561625,,,,False,,,,,,,,,,,,,,,,,,,,,,,
,hal-01561723,,,,False,,,,,,,,,,,,,,,,,,,,,,,
,hal-01561759,,,,False,,,,,,,,,,,,,,,,,,,,,,,
,hal-01561772,,,,False,,,,,,,,,,,,,,,,,,,,,,,
,hal-01561784,,,,False,,,,,,,,,,,,,,,,,,,,,,,
,hal-01561799,,,,False,,,,,,,,,,,,,,,,,,,,,,,
,hal-01561808,,,,False,,,,,,,,,,,,,,,,,,,,,,,
,hal-01563964,,,,False,,,,,,,,,,,,,,,,,,,,,,,
,hal-01564466,,,,False,,,,,,,,,,,,,,,,,,,,,,,
,hal-01564489,,,,False,,,,,,,,,,,,,,,,,,,,,,,
,hal-01564787,,,,False,,,,,,,,,,,,,,,,,,,,,,,
,hal-01566456,,,,False,,,,,,,,,,,,,,,,,,,,,,,
,hal-01566474,,,,False,,,,,,,,,,,,,,,,,,,,,,,
,hal-01566645,,,,False,,,,,,,,,,,,,,,,,,,,,,,
,hal-01566792,,,,False,,,,,,,,,,,,,,,,,,,,,,,
,hal-01566980,,,,False,,,,,,,,,,,,,,,,,,,,,,,
,hal-01578016,,,,False,,,,,,,,,,,,,,,,,,,,,,,
,hal-01578017,,,,False,,,,,,,,,,,,,,,,,,,,,,,
,hal-01578696,,,,False,,,,,,,,,,,,,,,,,,,,,,,
,hal-01578697,,,,False,,,,,,,,,,,,,,,,,,,,,,,
,hal-01578698,,,,False,,,,,,,,,,,,,,,,,,,,,,,
,hal-01578699,,,,False,,,,,,,,,,,,,,,,,,,,,,,
,hal-01578700,,,,False,,,,,,,,,,,,,,,,,,,,,,,
,hal-01579455,,,,False,,,,,,,,,,,,,,,,,,,,,,,
,hal-01585308,,,,False,,,,,,,,,,,,,,,,,,,,,,,
,hal-01585326,,,,False,,,,,,,,,,,,,,,,,,,,,,,
,hal-01586746,,,,False,,,,,,,,,,,,,,,,,,,,,,,
,hal-01586771,,,,False,,,,,,,,,,,,,,,,,,,,,,,
,hal-01590591,,,,False,,,,,,,,,,,,,,,,,,,,,,,
,hal-01590961,,,,False,,,,,,,,,,,,,,,,,,,,,,,
,hal-01598512,,,,False,,,,,,,,,,,,,,,,,,,,,,,
,hal-01598569,,,,False,,,,,,,,,,,,,,,,,,,,,,,
,hal-01599326,,,,False,,,,,,,,,,,,,,,,,,,,,,,
,hal-01599328,,,,False,,,,,,,,,,,,,,,,,,,,,,,
,hal-01599331,,,,False,,,,,,,,,,,,,,,,,,,,,,,
,hal-01599341,,,,False,,,,,,,,,,,,,,,,,,,,,,,
,hal-01599398,,,,False,,,,,,,,,,,,,,,,,,,,,,,
,hal-01599413,,,,False,,,,,,,,,,,,,,,,,,,,,,,
,hal-01599415,,,,False,,,,,,,,,,,,,,,,,,,,,,,
,hal-01599526,,,,False,,,,,,,,,,,,,,,,,,,,,,,
,hal-01612777,,,,False,,,,,,,,,,,,,,,,,,,,,,,
,hal-01612786,,,,False,,,,,,,,,,,,,,,,,,,,,,,
,hal-01612792,,,,False,,,,,,,,,,,,,,,,,,,,,,,
,hal-01623820,,,,False,,,,,,,,,,,,,,,,,,,,,,,
,hal-01625607,,,,False,,,,,,,,,,,,,,,,,,,,,,,
,hal-01625955,,,,False,,,,,,,,,,,,,,,,,,,,,,,
,hal-01625956,,,,False,,,,,,,,,,,,,,,,,,,,,,,
,hal-01626057,,,,False,,,,,,,,,,,,,,,,,,,,,,,
,hal-01640585,,,,False,,,,,,,,,,,,,,,,,,,,,,,
,hal-01640639,,,,False,,,,,,,,,,,,,,,,,,,,,,,
,hal-01653048,,,,False,,,,,,,,,,,,,,,,,,,,,,,
,hal-01674139,,,,False,,,,,,,,,,,,,,,,,,,,,,,
,hal-01691035,,,,False,,,,,,,,,,,,,,,,,,,,,,,
,hal-01698958,,,,False,,,,,,,,,,,,,,,,,,,,,,,
,hal-01735431,,,,False,,,,,,,,,,,,,,,,,,,,,,,
,hal-01735451,,,,False,,,,,,,,,,,,,,,,,,,,,,,
,hal-01735452,,,,False,,,,,,,,,,,,,,,,,,,,,,,
,hal-01735453,,,,False,,,,,,,,,,,,,,,,,,,,,,,
,hal-01745133,,,,False,,,,,,,,,,,,,,,,,,,,,,,
,hal-01812149,,,,False,,,,,,,,,,,,,,,,,,,,,,,
,hal-01812771,,,,False,,,,,,,,,,,,,,,,,,,,,,,
,hal-01817052,,,,False,,,,,,,,,,,,,,,,,,,,,,,
,hal-01826309,,,,False,,,,,,,,,,,,,,,,,,,,,,,
,hal-01826345,,,,False,,,,,,,,,,,,,,,,,,,,,,,
,hal-01826352,,,,False,,,,,,,,,,,,,,,,,,,,,,,
,hal-01826891,,,,False,,,,,,,,,,,,,,,,,,,,,,,
,hal-01846886,,,,False,,,,,,,,,,,,,,,,,,,,,,,
,hal-01847696,,,,False,,,,,,,,,,,,,,,,,,,,,,,
,hal-01854402,,,,False,,,,,,,,,,,,,,,,,,,,,,,
,hal-01868782,,,,False,,,,,,,,,,,,,,,,,,,,,,,
,hal-01878779,,,,False,,,,,,,,,,,,,,,,,,,,,,,
,hal-01878786,,,,False,,,,,,,,,,,,,,,,,,,,,,,
,hal-01878790,,,,False,,,,,,,,,,,,,,,,,,,,,,,
,hal-01878909,,,,False,,,,,,,,,,,,,,,,,,,,,,,
,hal-01878926,,,,False,,,,,,,,,,,,,,,,,,,,,,,
,hal-01878938,,,,False,,,,,,,,,,,,,,,,,,,,,,,
,hal-01878947,,,,False,,,,,,,,,,,,,,,,,,,,,,,
,hal-01878986,,,,False,,,,,,,,,,,,,,,,,,,,,,,
,hal-01879561,,,,False,,,,,,,,,,,,,,,,,,,,,,,
,hal-01879570,,,,False,,,,,,,,,,,,,,,,,,,,,,,
,hal-01879780,,,,False,,,,,,,,,,,,,,,,,,,,,,,
,hal-01879781,,,,False,,,,,,,,,,,,,,,,,,,,,,,
,hal-01879784,,,,False,,,,,,,,,,,,,,,,,,,,,,,
,hal-01879786,,,,False,,,,,,,,,,,,,,,,,,,,,,,
,hal-01879788,,,,False,,,,,,,,,,,,,,,,,,,,,,,
,hal-01879789,,,,False,,,,,,,,,,,,,,,,,,,,,,,
,hal-01879790,,,,False,,,,,,,,,,,,,,,,,,,,,,,
,hal-01879791,,,,False,,,,,,,,,,,,,,,,,,,,,,,
,hal-01879792,,,,False,,,,,,,,,,,,,,,,,,,,,,,
,hal-01879793,,,,False,,,,,,,,,,,,,,,,,,,,,,,
,hal-01879794,,,,False,,,,,,,,,,,,,,,,,,,,,,,
,hal-01879795,,,,False,,,,,,,,,,,,,,,,,,,,,,,
,hal-01879803,,,,False,,,,,,,,,,,,,,,,,,,,,,,
,hal-01879805,,,,False,,,,,,,,,,,,,,,,,,,,,,,
,hal-01879806,,,,False,,,,,,,,,,,,,,,,,,,,,,,
,hal-01879807,,,,False,,,,,,,,,,,,,,,,,,,,,,,
,hal-01879808,,,,False,,,,,,,,,,,,,,,,,,,,,,,
,hal-01879809,,,,False,,,,,,,,,,,,,,,,,,,,,,,
,hal-01879810,,,,False,,,,,,,,,,,,,,,,,,,,,,,
,hal-01879811,,,,False,,,,,,,,,,,,,,,,,,,,,,,
,hal-01879812,,,,False,,,,,,,,,,,,,,,,,,,,,,,
,hal-01879814,,,,False,,,,,,,,,,,,,,,,,,,,,,,
,hal-01879815,,,,False,,,,,,,,,,,,,,,,,,,,,,,
,hal-01879816,,,,False,,,,,,,,,,,,,,,,,,,,,,,
,hal-01879817,,,,False,,,,,,,,,,,,,,,,,,,,,,,
,hal-01879818,,,,False,,,,,,,,,,,,,,,,,,,,,,,
,hal-01880405,,,,False,,,,,,,,,,,,,,,,,,,,,,,
,hal-01882685,,,,False,,,,,,,,,,,,,,,,,,,,,,,
,hal-01886245,,,,False,,,,,,,,,,,,,,,,,,,,,,,
,hal-01886248,,,,False,,,,,,,,,,,,,,,,,,,,,,,
,hal-01887504,,,,False,,,,,,,,,,,,,,,,,,,,,,,
,hal-01888121,,,,False,,,,,,,,,,,,,,,,,,,,,,,
,hal-01890090,,,,False,,,,,,,,,,,,,,,,,,,,,,,
,hal-01890256,,,,False,,,,,,,,,,,,,,,,,,,,,,,
,hal-01891025,,,,False,,,,,,,,,,,,,,,,,,,,,,,
,hal-01894636,,,,False,,,,,,,,,,,,,,,,,,,,,,,
,hal-01895401,,,,False,,,,,,,,,,,,,,,,,,,,,,,
,hal-01906640,,,,False,,,,,,,,,,,,,,,,,,,,,,,
,hal-01907489,,,,False,,,,,,,,,,,,,,,,,,,,,,,
,hal-01913383,,,,False,,,,,,,,,,,,,,,,,,,,,,,
,hal-01916562,,,,False,,,,,,,,,,,,,,,,,,,,,,,
,hal-01931440,,,,False,,,,,,,,,,,,,,,,,,,,,,,
,hal-01935153,,,,False,,,,,,,,,,,,,,,,,,,,,,,
,hal-01935161,,,,False,,,,,,,,,,,,,,,,,,,,,,,
,hal-01946755,,,,False,,,,,,,,,,,,,,,,,,,,,,,
,hal-01952651,,,,False,,,,,,,,,,,,,,,,,,,,,,,
,hal-01961097,,,,False,,,,,,,,,,,,,,,,,,,,,,,
,hal-01961113,,,,False,,,,,,,,,,,,,,,,,,,,,,,
,hal-01963014,,,,False,,,,,,,,,,,,,,,,,,,,,,,
,hal-01967270,,,,False,,,,,,,,,,,,,,,,,,,,,,,
,hal-01968627,,,,False,,,,,,,,,,,,,,,,,,,,,,,
,hal-01972376,,,,False,,,,,,,,,,,,,,,,,,,,,,,
,hal-01972758,,,,False,,,,,,,,,,,,,,,,,,,,,,,
,hal-01972764,,,,False,,,,,,,,,,,,,,,,,,,,,,,
,hal-01972765,,,,False,,,,,,,,,,,,,,,,,,,,,,,
,hal-01972767,,,,False,,,,,,,,,,,,,,,,,,,,,,,
,hal-01972769,,,,False,,,,,,,,,,,,,,,,,,,,,,,
,hal-01972772,,,,False,,,,,,,,,,,,,,,,,,,,,,,
,hal-01973453,,,,False,,,,,,,,,,,,,,,,,,,,,,,
,hal-01973489,,,,False,,,,,,,,,,,,,,,,,,,,,,,
,hal-01977551,,,,False,,,,,,,,,,,,,,,,,,,,,,,
,hal-01983492,,,,False,,,,,,,,,,,,,,,,,,,,,,,
,hal-02011814,,,,False,,,,,,,,,,,,,,,,,,,,,,,
,hal-02013767,,,,False,,,,,,,,,,,,,,,,,,,,,,,
,hal-02013783,,,,False,,,,,,,,,,,,,,,,,,,,,,,
,hal-02016745,,,,False,,,,,,,,,,,,,,,,,,,,,,,
,hal-02016748,,,,False,,,,,,,,,,,,,,,,,,,,,,,
,hal-02016753,,,,False,,,,,,,,,,,,,,,,,,,,,,,
,hal-02020426,,,,False,,,,,,,,,,,,,,,,,,,,,,,
,hal-02044920,,,,False,,,,,,,,,,,,,,,,,,,,,,,
,hal-02044924,,,,False,,,,,,,,,,,,,,,,,,,,,,,
,hal-02044985,,,,False,,,,,,,,,,,,,,,,,,,,,,,
,hal-02044993,,,,False,,,,,,,,,,,,,,,,,,,,,,,
,hal-02045001,,,,False,,,,,,,,,,,,,,,,,,,,,,,
,hal-02045006,,,,False,,,,,,,,,,,,,,,,,,,,,,,
,hal-02047576,,,,False,,,,,,,,,,,,,,,,,,,,,,,
,hal-02047719,,,,False,,,,,,,,,,,,,,,,,,,,,,,
,hal-02053994,,,,False,,,,,,,,,,,,,,,,,,,,,,,
,hal-02068612,,,,False,,,,,,,,,,,,,,,,,,,,,,,
,hal-02068666,,,,False,,,,,,,,,,,,,,,,,,,,,,,
,hal-02068673,,,,False,,,,,,,,,,,,,,,,,,,,,,,
,hal-02068684,,,,False,,,,,,,,,,,,,,,,,,,,,,,
,hal-02068689,,,,False,,,,,,,,,,,,,,,,,,,,,,,
,hal-02102493,,,,False,,,,,,,,,,,,,,,,,,,,,,,
,hal-02103993,,,,False,,,,,,,,,,,,,,,,,,,,,,,
,hal-02103994,,,,False,,,,,,,,,,,,,,,,,,,,,,,
,hal-02103996,,,,False,,,,,,,,,,,,,,,,,,,,,,,
,hal-02103997,,,,False,,,,,,,,,,,,,,,,,,,,,,,
,hal-02103999,,,,False,,,,,,,,,,,,,,,,,,,,,,,
,hal-02104000,,,,False,,,,,,,,,,,,,,,,,,,,,,,
,hal-02104001,,,,False,,,,,,,,,,,,,,,,,,,,,,,
,hal-02104002,,,,False,,,,,,,,,,,,,,,,,,,,,,,
,hal-02104003,,,,False,,,,,,,,,,,,,,,,,,,,,,,
,hal-02104005,,,,False,,,,,,,,,,,,,,,,,,,,,,,
,hal-02104006,,,,False,,,,,,,,,,,,,,,,,,,,,,,
,hal-02104007,,,,False,,,,,,,,,,,,,,,,,,,,,,,
,hal-02104008,,,,False,,,,,,,,,,,,,,,,,,,,,,,
,hal-02104009,,,,False,,,,,,,,,,,,,,,,,,,,,,,
,hal-02104059,,,,False,,,,,,,,,,,,,,,,,,,,,,,
,hal-02104060,,,,False,,,,,,,,,,,,,,,,,,,,,,,
,hal-02104061,,,,False,,,,,,,,,,,,,,,,,,,,,,,
,hal-02104062,,,,False,,,,,,,,,,,,,,,,,,,,,,,
,hal-02104063,,,,False,,,,,,,,,,,,,,,,,,,,,,,
,hal-02104064,,,,False,,,,,,,,,,,,,,,,,,,,,,,
,hal-02104065,,,,False,,,,,,,,,,,,,,,,,,,,,,,
,hal-02104066,,,,False,,,,,,,,,,,,,,,,,,,,,,,
,hal-02104067,,,,False,,,,,,,,,,,,,,,,,,,,,,,
,hal-02104068,,,,False,,,,,,,,,,,,,,,,,,,,,,,
,hal-02104072,,,,False,,,,,,,,,,,,,,,,,,,,,,,
,hal-02104073,,,,False,,,,,,,,,,,,,,,,,,,,,,,
,hal-02104249,,,,False,,,,,,,,,,,,,,,,,,,,,,,
,hal-02104250,,,,False,,,,,,,,,,,,,,,,,,,,,,,
,hal-02104251,,,,False,,,,,,,,,,,,,,,,,,,,,,,
,hal-02104253,,,,False,,,,,,,,,,,,,,,,,,,,,,,
,hal-02104254,,,,False,,,,,,,,,,,,,,,,,,,,,,,
,hal-02104255,,,,False,,,,,,,,,,,,,,,,,,,,,,,
,hal-02104256,,,,False,,,,,,,,,,,,,,,,,,,,,,,
,hal-02104257,,,,False,,,,,,,,,,,,,,,,,,,,,,,
,hal-02104258,,,,False,,,,,,,,,,,,,,,,,,,,,,,
,hal-02104259,,,,False,,,,,,,,,,,,,,,,,,,,,,,
,hal-02104260,,,,False,,,,,,,,,,,,,,,,,,,,,,,
,hal-02104261,,,,False,,,,,,,,,,,,,,,,,,,,,,,
,hal-02104262,,,,False,,,,,,,,,,,,,,,,,,,,,,,
,hal-02104263,,,,False,,,,,,,,,,,,,,,,,,,,,,,
,hal-02104264,,,,False,,,,,,,,,,,,,,,,,,,,,,,
,hal-02104265,,,,False,,,,,,,,,,,,,,,,,,,,,,,
,hal-02104266,,,,False,,,,,,,,,,,,,,,,,,,,,,,
,hal-02104267,,,,False,,,,,,,,,,,,,,,,,,,,,,,
,hal-02104268,,,,False,,,,,,,,,,,,,,,,,,,,,,,
,hal-02104269,,,,False,,,,,,,,,,,,,,,,,,,,,,,
,hal-02104270,,,,False,,,,,,,,,,,,,,,,,,,,,,,
,hal-02104271,,,,False,,,,,,,,,,,,,,,,,,,,,,,
,hal-02104272,,,,False,,,,,,,,,,,,,,,,,,,,,,,
,hal-02104273,,,,False,,,,,,,,,,,,,,,,,,,,,,,
,hal-02104274,,,,False,,,,,,,,,,,,,,,,,,,,,,,
,hal-02104275,,,,False,,,,,,,,,,,,,,,,,,,,,,,
,hal-02104276,,,,False,,,,,,,,,,,,,,,,,,,,,,,
,hal-02105506,,,,False,,,,,,,,,,,,,,,,,,,,,,,
,hal-02121293,,,,False,,,,,,,,,,,,,,,,,,,,,,,
,hal-02124020,,,,False,,,,,,,,,,,,,,,,,,,,,,,
,hal-02135582,,,,False,,,,,,,,,,,,,,,,,,,,,,,
,hal-02148513,,,,False,,,,,,,,,,,,,,,,,,,,,,,
,hal-02154849,,,,False,,,,,,,,,,,,,,,,,,,,,,,
,hal-02158020,,,,False,,,,,,,,,,,,,,,,,,,,,,,
,hal-02158035,,,,False,,,,,,,,,,,,,,,,,,,,,,,
,hal-02161255,,,,False,,,,,,,,,,,,,,,,,,,,,,,
,hal-02161275,,,,False,,,,,,,,,,,,,,,,,,,,,,,
,hal-02161297,,,,False,,,,,,,,,,,,,,,,,,,,,,,
,hal-02163944,,,,False,,,,,,,,,,,,,,,,,,,,,,,
,hal-02164429,,,,False,,,,,,,,,,,,,,,,,,,,,,,
,hal-02164498,,,,False,,,,,,,,,,,,,,,,,,,,,,,
,hal-02164510,,,,False,,,,,,,,,,,,,,,,,,,,,,,
,hal-02164544,,,,False,,,,,,,,,,,,,,,,,,,,,,,
,hal-02164588,,,,False,,,,,,,,,,,,,,,,,,,,,,,
,hal-02172195,,,,False,,,,,,,,,,,,,,,,,,,,,,,
,hal-02173025,,,,False,,,,,,,,,,,,,,,,,,,,,,,
,hal-02185041,,,,False,,,,,,,,,,,,,,,,,,,,,,,
,hal-02188465,,,,False,,,,,,,,,,,,,,,,,,,,,,,
,hal-02200822,,,,False,,,,,,,,,,,,,,,,,,,,,,,
,hal-02288691,,,,False,,,,,,,,,,,,,,,,,,,,,,,
,hal-02327376,,,,False,,,,,,,,,,,,,,,,,,,,,,,
,hal-02444013,,,,False,,,,,,,,,,,,,,,,,,,,,,,
,hal-02446812,,,,False,,,,,,,,,,,,,,,,,,,,,,,
,hal-02447045,,,,False,,,,,,,,,,,,,,,,,,,,,,,
,hal-02447202,,,,False,,,,,,,,,,,,,,,,,,,,,,,
,hal-02448926,,,,False,,,,,,,,,,,,,,,,,,,,,,,
,hal-02449001,,,,False,,,,,,,,,,,,,,,,,,,,,,,
,hal-02449091,,,,False,,,,,,,,,,,,,,,,,,,,,,,
,hal-02449228,,,,False,,,,,,,,,,,,,,,,,,,,,,,
,hal-02449719,,,,False,,,,,,,,,,,,,,,,,,,,,,,
,hal-02451939,,,,False,,,,,,,,,,,,,,,,,,,,,,,
,hal-02452087,,,,False,,,,,,,,,,,,,,,,,,,,,,,
,hal-02452257,,,,False,,,,,,,,,,,,,,,,,,,,,,,
,hal-02452280,,,,False,,,,,,,,,,,,,,,,,,,,,,,
,hal-02458318,,,,False,,,,,,,,,,,,,,,,,,,,,,,
,hal-02458349,,,,False,,,,,,,,,,,,,,,,,,,,,,,
,hal-02458386,,,,False,,,,,,,,,,,,,,,,,,,,,,,
,hal-02460646,,,,False,,,,,,,,,,,,,,,,,,,,,,,
,hal-02460793,,,,False,,,,,,,,,,,,,,,,,,,,,,,
,hal-02461066,,,,False,,,,,,,,,,,,,,,,,,,,,,,
,hal-02461629,,,,False,,,,,,,,,,,,,,,,,,,,,,,
,hal-02462066,,,,False,,,,,,,,,,,,,,,,,,,,,,,
,hal-02462082,,,,False,,,,,,,,,,,,,,,,,,,,,,,
,hal-02462094,,,,False,,,,,,,,,,,,,,,,,,,,,,,
,hal-02462134,,,,False,,,,,,,,,,,,,,,,,,,,,,,
,hal-02462142,,,,False,,,,,,,,,,,,,,,,,,,,,,,
,hal-02462206,,,,False,,,,,,,,,,,,,,,,,,,,,,,
,hal-02462234,,,,False,,,,,,,,,,,,,,,,,,,,,,,
,hal-02466323,,,,False,,,,,,,,,,,,,,,,,,,,,,,
,hal-02466446,,,,False,,,,,,,,,,,,,,,,,,,,,,,
,hal-02466475,,,,False,,,,,,,,,,,,,,,,,,,,,,,
,hal-02472437,,,,False,,,,,,,,,,,,,,,,,,,,,,,
,hal-02472453,,,,False,,,,,,,,,,,,,,,,,,,,,,,
,hal-02472520,,,,False,,,,,,,,,,,,,,,,,,,,,,,
,hal-02472549,,,,False,,,,,,,,,,,,,,,,,,,,,,,
,hal-02472973,,,,False,,,,,,,,,,,,,,,,,,,,,,,
,hal-02473018,,,,False,,,,,,,,,,,,,,,,,,,,,,,
,hal-02474323,,,,False,,,,,,,,,,,,,,,,,,,,,,,
,hal-02474395,,,,False,,,,,,,,,,,,,,,,,,,,,,,
,hal-02474479,,,,False,,,,,,,,,,,,,,,,,,,,,,,
,hal-02475064,,,,False,,,,,,,,,,,,,,,,,,,,,,,
,hal-02475580,,,,False,,,,,,,,,,,,,,,,,,,,,,,
,hal-02475749,,,,False,,,,,,,,,,,,,,,,,,,,,,,
,hal-02475915,,,,False,,,,,,,,,,,,,,,,,,,,,,,
,hal-02476113,,,,False,,,,,,,,,,,,,,,,,,,,,,,
,hal-02476255,,,,False,,,,,,,,,,,,,,,,,,,,,,,
,hal-02476418,,,,False,,,,,,,,,,,,,,,,,,,,,,,
,hal-02477926,,,,False,,,,,,,,,,,,,,,,,,,,,,,
,hal-02478707,,,,False,,,,,,,,,,,,,,,,,,,,,,,
,hal-02486821,,,,False,,,,,,,,,,,,,,,,,,,,,,,
,hal-02490339,,,,False,,,,,,,,,,,,,,,,,,,,,,,
,hal-02492469,,,,False,,,,,,,,,,,,,,,,,,,,,,,
,hal-02498190,,,,False,,,,,,,,,,,,,,,,,,,,,,,
,hal-02501620,,,,False,,,,,,,,,,,,,,,,,,,,,,,
,hal-02501623,,,,False,,,,,,,,,,,,,,,,,,,,,,,
,hal-02506655,,,,False,,,,,,,,,,,,,,,,,,,,,,,
,hal-02506687,,,,False,,,,,,,,,,,,,,,,,,,,,,,
,hal-02533978,,,,False,,,,,,,,,,,,,,,,,,,,,,,
,hal-02534033,,,,False,,,,,,,,,,,,,,,,,,,,,,,
,hal-02539333,,,,False,,,,,,,,,,,,,,,,,,,,,,,
,hal-02539336,,,,False,,,,,,,,,,,,,,,,,,,,,,,
,hal-02540057,,,,False,,,,,,,,,,,,,,,,,,,,,,,
,hal-02543565,,,,False,,,,,,,,,,,,,,,,,,,,,,,
,hal-02551762,,,,False,,,,,,,,,,,,,,,,,,,,,,,
,hal-02555735,,,,False,,,,,,,,,,,,,,,,,,,,,,,
,hal-02555741,,,,False,,,,,,,,,,,,,,,,,,,,,,,
,hal-02558066,,,,False,,,,,,,,,,,,,,,,,,,,,,,
,hal-02559133,,,,False,,,,,,,,,,,,,,,,,,,,,,,
,hal-02562878,,,,False,,,,,,,,,,,,,,,,,,,,,,,
,hal-02562925,,,,False,,,,,,,,,,,,,,,,,,,,,,,
,hal-02563010,,,,False,,,,,,,,,,,,,,,,,,,,,,,
,hal-02568178,,,,False,,,,,,,,,,,,,,,,,,,,,,,
,hal-02568186,,,,False,,,,,,,,,,,,,,,,,,,,,,,
,hal-02569426,,,,False,,,,,,,,,,,,,,,,,,,,,,,
,hal-02648646,,,,False,,,,,,,,,,,,,,,,,,,,,,,
,hal-02762825,,,,False,,,,,,,,,,,,,,,,,,,,,,,
,hal-02868926,,,,False,,,,,,,,,,,,,,,,,,,,,,,
,hal-02870488,,,,False,,,,,,,,,,,,,,,,,,,,,,,
,hal-02877817,,,,False,,,,,,,,,,,,,,,,,,,,,,,
,hal-02877854,,,,False,,,,,,,,,,,,,,,,,,,,,,,
,hal-02877869,,,,False,,,,,,,,,,,,,,,,,,,,,,,
,hal-02877881,,,,False,,,,,,,,,,,,,,,,,,,,,,,
,hal-02883354,,,,False,,,,,,,,,,,,,,,,,,,,,,,
,hal-02886073,,,,False,,,,,,,,,,,,,,,,,,,,,,,
,hal-02940691,,,,False,,,,,,,,,,,,,,,,,,,,,,,
,hal-02943631,,,,False,,,,,,,,,,,,,,,,,,,,,,,
,hal-02962796,,,,False,,,,,,,,,,,,,,,,,,,,,,,
,hal-02969607,,,,False,,,,,,,,,,,,,,,,,,,,,,,
,hal-02973272,,,,False,,,,,,,,,,,,,,,,,,,,,,,
,hal-02975677,,,,False,,,,,,,,,,,,,,,,,,,,,,,
,hal-02985293,,,,False,,,,,,,,,,,,,,,,,,,,,,,
,hal-02985305,,,,False,,,,,,,,,,,,,,,,,,,,,,,
,hal-02991958,,,,False,,,,,,,,,,,,,,,,,,,,,,,
,hal-02998784,,,,False,,,,,,,,,,,,,,,,,,,,,,,
,hal-03023816,,,,False,,,,,,,,,,,,,,,,,,,,,,,
,hal-03053936,,,,False,,,,,,,,,,,,,,,,,,,,,,,
,hal-03068405,,,,False,,,,,,,,,,,,,,,,,,,,,,,
,hal-03080129,,,,False,,,,,,,,,,,,,,,,,,,,,,,
,hal-03087204,,,,False,,,,,,,,,,,,,,,,,,,,,,,
,hal-03091638,,,,False,,,,,,,,,,,,,,,,,,,,,,,
,hal-03091648,,,,False,,,,,,,,,,,,,,,,,,,,,,,
,hal-03091657,,,,False,,,,,,,,,,,,,,,,,,,,,,,
,hal-03093808,,,,False,,,,,,,,,,,,,,,,,,,,,,,
,hal-03109498,,,,False,,,,,,,,,,,,,,,,,,,,,,,
,hal-03109540,,,,False,,,,,,,,,,,,,,,,,,,,,,,
,hal-03114118,,,,False,,,,,,,,,,,,,,,,,,,,,,,
,hal-03118451,,,,False,,,,,,,,,,,,,,,,,,,,,,,
,hal-03121591,,,,False,,,,,,,,,,,,,,,,,,,,,,,
,hal-03136469,,,,False,,,,,,,,,,,,,,,,,,,,,,,
,hal-03142025,,,,False,,,,,,,,,,,,,,,,,,,,,,,
,hal-03156481,,,,False,,,,,,,,,,,,,,,,,,,,,,,
,hal-03156551,,,,False,,,,,,,,,,,,,,,,,,,,,,,
,hal-03156566,,,,False,,,,,,,,,,,,,,,,,,,,,,,
,hal-03169583,,,,False,,,,,,,,,,,,,,,,,,,,,,,
,hal-03169668,,,,False,,,,,,,,,,,,,,,,,,,,,,,
,hal-03174902,,,,False,,,,,,,,,,,,,,,,,,,,,,,
,hal-03178858,,,,False,,,,,,,,,,,,,,,,,,,,,,,
,hal-03197707,,,,False,,,,,,,,,,,,,,,,,,,,,,,
,hal-03197710,,,,False,,,,,,,,,,,,,,,,,,,,,,,
,hal-03197714,,,,False,,,,,,,,,,,,,,,,,,,,,,,
,hal-03205491,,,,False,,,,,,,,,,,,,,,,,,,,,,,
,hal-03220253,,,,False,,,,,,,,,,,,,,,,,,,,,,,
,hal-03227817,,,,False,,,,,,,,,,,,,,,,,,,,,,,
,hal-03227828,,,,False,,,,,,,,,,,,,,,,,,,,,,,
,hal-03227833,,,,False,,,,,,,,,,,,,,,,,,,,,,,
,hal-03227838,,,,False,,,,,,,,,,,,,,,,,,,,,,,
,hal-03227839,,,,False,,,,,,,,,,,,,,,,,,,,,,,
,hal-03227842,,,,False,,,,,,,,,,,,,,,,,,,,,,,
,hal-03239002,,,,False,,,,,,,,,,,,,,,,,,,,,,,
,hal-03241005,,,,False,,,,,,,,,,,,,,,,,,,,,,,
,hal-03244140,,,,False,,,,,,,,,,,,,,,,,,,,,,,
,hal-03244162,,,,False,,,,,,,,,,,,,,,,,,,,,,,
,hal-03244327,,,,False,,,,,,,,,,,,,,,,,,,,,,,
,hal-03244350,,,,False,,,,,,,,,,,,,,,,,,,,,,,
,hal-03244367,,,,False,,,,,,,,,,,,,,,,,,,,,,,
,hal-03244547,,,,False,,,,,,,,,,,,,,,,,,,,,,,
,hal-03244561,,,,False,,,,,,,,,,,,,,,,,,,,,,,
,hal-03248174,,,,False,,,,,,,,,,,,,,,,,,,,,,,
,hal-03248193,,,,False,,,,,,,,,,,,,,,,,,,,,,,
,hal-03248205,,,,False,,,,,,,,,,,,,,,,,,,,,,,
,hal-03248212,,,,False,,,,,,,,,,,,,,,,,,,,,,,
,hal-03248218,,,,False,,,,,,,,,,,,,,,,,,,,,,,
,hal-03248263,,,,False,,,,,,,,,,,,,,,,,,,,,,,
,hal-03248272,,,,False,,,,,,,,,,,,,,,,,,,,,,,
,hal-03248296,,,,False,,,,,,,,,,,,,,,,,,,,,,,
,hal-03248300,,,,False,,,,,,,,,,,,,,,,,,,,,,,
,hal-03248325,,,,False,,,,,,,,,,,,,,,,,,,,,,,
,hal-03249279,,,,False,,,,,,,,,,,,,,,,,,,,,,,
,hal-03249359,,,,False,,,,,,,,,,,,,,,,,,,,,,,
,hal-03249372,,,,False,,,,,,,,,,,,,,,,,,,,,,,
,hal-03249378,,,,False,,,,,,,,,,,,,,,,,,,,,,,
,hal-03250005,,,,False,,,,,,,,,,,,,,,,,,,,,,,
,hal-03250069,,,,False,,,,,,,,,,,,,,,,,,,,,,,
,hal-03250077,,,,False,,,,,,,,,,,,,,,,,,,,,,,
,hal-03250081,,,,False,,,,,,,,,,,,,,,,,,,,,,,
,hal-03250092,,,,False,,,,,,,,,,,,,,,,,,,,,,,
,hal-03254114,,,,False,,,,,,,,,,,,,,,,,,,,,,,
,hal-03254766,,,,False,,,,,,,,,,,,,,,,,,,,,,,
,hal-03257038,,,,False,,,,,,,,,,,,,,,,,,,,,,,
,hal-03257500,,,,False,,,,,,,,,,,,,,,,,,,,,,,
,hal-03257513,,,,False,,,,,,,,,,,,,,,,,,,,,,,
,hal-03257936,,,,False,,,,,,,,,,,,,,,,,,,,,,,
,hal-03258578,,,,False,,,,,,,,,,,,,,,,,,,,,,,
,hal-03273384,,,,False,,,,,,,,,,,,,,,,,,,,,,,
,hal-03273399,,,,False,,,,,,,,,,,,,,,,,,,,,,,
,hal-03273413,,,,False,,,,,,,,,,,,,,,,,,,,,,,
,hal-03273430,,,,False,,,,,,,,,,,,,,,,,,,,,,,
,hal-03273487,,,,False,,,,,,,,,,,,,,,,,,,,,,,
,hal-03273562,,,,False,,,,,,,,,,,,,,,,,,,,,,,
,hal-03281206,,,,False,,,,,,,,,,,,,,,,,,,,,,,
,hal-03281219,,,,False,,,,,,,,,,,,,,,,,,,,,,,
,hal-03283198,,,,False,,,,,,,,,,,,,,,,,,,,,,,
,hal-03283207,,,,False,,,,,,,,,,,,,,,,,,,,,,,
,hal-03283225,,,,False,,,,,,,,,,,,,,,,,,,,,,,
,hal-03283242,,,,False,,,,,,,,,,,,,,,,,,,,,,,
,hal-03290511,,,,False,,,,,,,,,,,,,,,,,,,,,,,
,hal-03321727,,,,False,,,,,,,,,,,,,,,,,,,,,,,
,hal-03329519,,,,False,,,,,,,,,,,,,,,,,,,,,,,
,hal-03334500,,,,False,,,,,,,,,,,,,,,,,,,,,,,
,hal-03340366,,,,False,,,,,,,,,,,,,,,,,,,,,,,
,hal-03343653,,,,False,,,,,,,,,,,,,,,,,,,,,,,
,hal-03358540,,,,False,,,,,,,,,,,,,,,,,,,,,,,
,hal-03368426,,,,False,,,,,,,,,,,,,,,,,,,,,,,
,hal-03368466,,,,False,,,,,,,,,,,,,,,,,,,,,,,
,hal-03381906,,,,False,,,,,,,,,,,,,,,,,,,,,,,
,hal-03383966,,,,False,,,,,,,,,,,,,,,,,,,,,,,
,hal-03384835,,,,False,,,,,,,,,,,,,,,,,,,,,,,
,hal-03384949,,,,False,,,,,,,,,,,,,,,,,,,,,,,
,hal-03395037,,,,False,,,,,,,,,,,,,,,,,,,,,,,
,hal-03395103,,,,False,,,,,,,,,,,,,,,,,,,,,,,
,hal-03400569,,,,False,,,,,,,,,,,,,,,,,,,,,,,
,hal-03400582,,,,False,,,,,,,,,,,,,,,,,,,,,,,
,hal-03424019,,,,False,,,,,,,,,,,,,,,,,,,,,,,
,hal-03424042,,,,False,,,,,,,,,,,,,,,,,,,,,,,
,hal-03448335,,,,False,,,,,,,,,,,,,,,,,,,,,,,
,hal-03448645,,,,False,,,,,,,,,,,,,,,,,,,,,,,
,hal-03448693,,,,False,,,,,,,,,,,,,,,,,,,,,,,
,hal-03448866,,,,False,,,,,,,,,,,,,,,,,,,,,,,
,hal-03448945,,,,False,,,,,,,,,,,,,,,,,,,,,,,
,halshs-00068117,,,,False,,,,,,,,,,,,,,,,,,,,,,,
,halshs-00087639,,,,False,,,,,,,,,,,,,,,,,,,,,,,
,halshs-00087777,,,,False,,,,,,,,,,,,,,,,,,,,,,,
,halshs-00087778,,,,False,,,,,,,,,,,,,,,,,,,,,,,
,halshs-00087785,,,,False,,,,,,,,,,,,,,,,,,,,,,,
,halshs-00087795,,,,False,,,,,,,,,,,,,,,,,,,,,,,
,halshs-00087817,,,,False,,,,,,,,,,,,,,,,,,,,,,,
,halshs-00087893,,,,False,,,,,,,,,,,,,,,,,,,,,,,
,halshs-00112108,,,,False,,,,,,,,,,,,,,,,,,,,,,,
,halshs-00112117,,,,False,,,,,,,,,,,,,,,,,,,,,,,
,halshs-00112167,,,,False,,,,,,,,,,,,,,,,,,,,,,,
,halshs-00112184,,,,False,,,,,,,,,,,,,,,,,,,,,,,
,halshs-00112189,,,,False,,,,,,,,,,,,,,,,,,,,,,,
,halshs-00112653,,,,False,,,,,,,,,,,,,,,,,,,,,,,
,halshs-00143190,,,,False,,,,,,,,,,,,,,,,,,,,,,,
,halshs-00143207,,,,False,,,,,,,,,,,,,,,,,,,,,,,
,halshs-00143380,,,,False,,,,,,,,,,,,,,,,,,,,,,,
,halshs-00143427,,,,False,,,,,,,,,,,,,,,,,,,,,,,
,halshs-00353003,,,,False,,,,,,,,,,,,,,,,,,,,,,,
,halshs-00353019,,,,False,,,,,,,,,,,,,,,,,,,,,,,
,halshs-00354155,,,,False,,,,,,,,,,,,,,,,,,,,,,,
,halshs-00378368,,,,False,,,,,,,,,,,,,,,,,,,,,,,
,halshs-00378393,,,,False,,,,,,,,,,,,,,,,,,,,,,,
,halshs-00378418,,,,False,,,,,,,,,,,,,,,,,,,,,,,
,halshs-00379458,,,,False,,,,,,,,,,,,,,,,,,,,,,,
,halshs-00379473,,,,False,,,,,,,,,,,,,,,,,,,,,,,
,halshs-00379493,,,,False,,,,,,,,,,,,,,,,,,,,,,,
,halshs-00379498,,,,False,,,,,,,,,,,,,,,,,,,,,,,
,halshs-00379907,,,,False,,,,,,,,,,,,,,,,,,,,,,,
,halshs-00380022,,,,False,,,,,,,,,,,,,,,,,,,,,,,
,halshs-00380037,,,,False,,,,,,,,,,,,,,,,,,,,,,,
,halshs-00380077,,,,False,,,,,,,,,,,,,,,,,,,,,,,
,halshs-00380121,,,,False,,,,,,,,,,,,,,,,,,,,,,,
,halshs-00380123,,,,False,,,,,,,,,,,,,,,,,,,,,,,
,halshs-00380126,,,,False,,,,,,,,,,,,,,,,,,,,,,,
,halshs-00380133,,,,False,,,,,,,,,,,,,,,,,,,,,,,
,halshs-00380140,,,,False,,,,,,,,,,,,,,,,,,,,,,,
,halshs-00380151,,,,False,,,,,,,,,,,,,,,,,,,,,,,
,halshs-00383284,,,,False,,,,,,,,,,,,,,,,,,,,,,,
,halshs-00388489,,,,False,,,,,,,,,,,,,,,,,,,,,,,
,halshs-00389235,,,,False,,,,,,,,,,,,,,,,,,,,,,,
,halshs-00389261,,,,False,,,,,,,,,,,,,,,,,,,,,,,
,halshs-00395069,,,,False,,,,,,,,,,,,,,,,,,,,,,,
,halshs-00395082,,,,False,,,,,,,,,,,,,,,,,,,,,,,
,halshs-00395083,,,,False,,,,,,,,,,,,,,,,,,,,,,,
,halshs-00418333,,,,False,,,,,,,,,,,,,,,,,,,,,,,
,halshs-00441985,,,,False,,,,,,,,,,,,,,,,,,,,,,,
,halshs-00441991,,,,False,,,,,,,,,,,,,,,,,,,,,,,
,halshs-00450039,,,,False,,,,,,,,,,,,,,,,,,,,,,,
,halshs-00502589,,,,False,,,,,,,,,,,,,,,,,,,,,,,
,halshs-00502591,,,,False,,,,,,,,,,,,,,,,,,,,,,,
,halshs-00503805,,,,False,,,,,,,,,,,,,,,,,,,,,,,
,halshs-00504988,,,,False,,,,,,,,,,,,,,,,,,,,,,,
,halshs-00567901,,,,False,,,,,,,,,,,,,,,,,,,,,,,
,halshs-00567910,,,,False,,,,,,,,,,,,,,,,,,,,,,,
,halshs-00568180,,,,False,,,,,,,,,,,,,,,,,,,,,,,
,halshs-00572362,,,,False,,,,,,,,,,,,,,,,,,,,,,,
,halshs-00572413,,,,False,,,,,,,,,,,,,,,,,,,,,,,
,halshs-00572944,,,,False,,,,,,,,,,,,,,,,,,,,,,,
,halshs-00573354,,,,False,,,,,,,,,,,,,,,,,,,,,,,
,halshs-00573755,,,,False,,,,,,,,,,,,,,,,,,,,,,,
,halshs-00574248,,,,False,,,,,,,,,,,,,,,,,,,,,,,
,halshs-00574278,,,,False,,,,,,,,,,,,,,,,,,,,,,,
,halshs-00574284,,,,False,,,,,,,,,,,,,,,,,,,,,,,
,halshs-00575912,,,,False,,,,,,,,,,,,,,,,,,,,,,,
,halshs-00576022,,,,False,,,,,,,,,,,,,,,,,,,,,,,
,halshs-00576275,,,,False,,,,,,,,,,,,,,,,,,,,,,,
,halshs-00576281,,,,False,,,,,,,,,,,,,,,,,,,,,,,
,halshs-00576703,,,,False,,,,,,,,,,,,,,,,,,,,,,,
,halshs-00580040,,,,False,,,,,,,,,,,,,,,,,,,,,,,
,halshs-00596748,,,,False,,,,,,,,,,,,,,,,,,,,,,,
,halshs-00596759,,,,False,,,,,,,,,,,,,,,,,,,,,,,
,halshs-00596761,,,,False,,,,,,,,,,,,,,,,,,,,,,,
,halshs-00596763,,,,False,,,,,,,,,,,,,,,,,,,,,,,
,halshs-00596769,,,,False,,,,,,,,,,,,,,,,,,,,,,,
,halshs-00596780,,,,False,,,,,,,,,,,,,,,,,,,,,,,
,halshs-00596784,,,,False,,,,,,,,,,,,,,,,,,,,,,,
,halshs-00596826,,,,False,,,,,,,,,,,,,,,,,,,,,,,
,halshs-00596831,,,,False,,,,,,,,,,,,,,,,,,,,,,,
,halshs-00596874,,,,False,,,,,,,,,,,,,,,,,,,,,,,
,halshs-00605292,,,,False,,,,,,,,,,,,,,,,,,,,,,,
,halshs-00605300,,,,False,,,,,,,,,,,,,,,,,,,,,,,
,halshs-00605335,,,,False,,,,,,,,,,,,,,,,,,,,,,,
,halshs-00623175,,,,False,,,,,,,,,,,,,,,,,,,,,,,
,halshs-00703246,,,,False,,,,,,,,,,,,,,,,,,,,,,,
,halshs-00715905,,,,False,,,,,,,,,,,,,,,,,,,,,,,
,halshs-00715914,,,,False,,,,,,,,,,,,,,,,,,,,,,,
,halshs-00715915,,,,False,,,,,,,,,,,,,,,,,,,,,,,
,halshs-00715938,,,,False,,,,,,,,,,,,,,,,,,,,,,,
,halshs-00715945,,,,False,,,,,,,,,,,,,,,,,,,,,,,
,halshs-00736270,,,,False,,,,,,,,,,,,,,,,,,,,,,,
,halshs-00744911,,,,False,,,,,,,,,,,,,,,,,,,,,,,
,halshs-00744924,,,,False,,,,,,,,,,,,,,,,,,,,,,,
,halshs-00745839,,,,False,,,,,,,,,,,,,,,,,,,,,,,
,halshs-00745840,,,,False,,,,,,,,,,,,,,,,,,,,,,,
,halshs-00745841,,,,False,,,,,,,,,,,,,,,,,,,,,,,
,halshs-00745866,,,,False,,,,,,,,,,,,,,,,,,,,,,,
,halshs-00745867,,,,False,,,,,,,,,,,,,,,,,,,,,,,
,halshs-00745868,,,,False,,,,,,,,,,,,,,,,,,,,,,,
,halshs-00745869,,,,False,,,,,,,,,,,,,,,,,,,,,,,
,halshs-00745870,,,,False,,,,,,,,,,,,,,,,,,,,,,,
,halshs-00745871,,,,False,,,,,,,,,,,,,,,,,,,,,,,
,halshs-00745872,,,,False,,,,,,,,,,,,,,,,,,,,,,,
,halshs-00745873,,,,False,,,,,,,,,,,,,,,,,,,,,,,
,halshs-00745874,,,,False,,,,,,,,,,,,,,,,,,,,,,,
,halshs-00745875,,,,False,,,,,,,,,,,,,,,,,,,,,,,
,halshs-00745876,,,,False,,,,,,,,,,,,,,,,,,,,,,,
,halshs-00745877,,,,False,,,,,,,,,,,,,,,,,,,,,,,
,halshs-00745878,,,,False,,,,,,,,,,,,,,,,,,,,,,,
,halshs-00745879,,,,False,,,,,,,,,,,,,,,,,,,,,,,
,halshs-00745880,,,,False,,,,,,,,,,,,,,,,,,,,,,,
,halshs-00745881,,,,False,,,,,,,,,,,,,,,,,,,,,,,
,halshs-00745882,,,,False,,,,,,,,,,,,,,,,,,,,,,,
,halshs-00745929,,,,False,,,,,,,,,,,,,,,,,,,,,,,
,halshs-00745935,,,,False,,,,,,,,,,,,,,,,,,,,,,,
,halshs-00745972,,,,False,,,,,,,,,,,,,,,,,,,,,,,
,halshs-00746478,,,,False,,,,,,,,,,,,,,,,,,,,,,,
,halshs-00750924,,,,False,,,,,,,,,,,,,,,,,,,,,,,
,halshs-00762720,,,,False,,,,,,,,,,,,,,,,,,,,,,,
,halshs-00771660,,,,False,,,,,,,,,,,,,,,,,,,,,,,
,halshs-00784703,,,,False,,,,,,,,,,,,,,,,,,,,,,,
,halshs-00833920,,,,False,,,,,,,,,,,,,,,,,,,,,,,
,halshs-00833922,,,,False,,,,,,,,,,,,,,,,,,,,,,,
,halshs-00833923,,,,False,,,,,,,,,,,,,,,,,,,,,,,
,halshs-00833924,,,,False,,,,,,,,,,,,,,,,,,,,,,,
,halshs-00833926,,,,False,,,,,,,,,,,,,,,,,,,,,,,
,halshs-00833928,,,,False,,,,,,,,,,,,,,,,,,,,,,,
,halshs-00833930,,,,False,,,,,,,,,,,,,,,,,,,,,,,
,halshs-00833932,,,,False,,,,,,,,,,,,,,,,,,,,,,,
,halshs-00833933,,,,False,,,,,,,,,,,,,,,,,,,,,,,
,halshs-00833934,,,,False,,,,,,,,,,,,,,,,,,,,,,,
,halshs-00833936,,,,False,,,,,,,,,,,,,,,,,,,,,,,
,halshs-00833937,,,,False,,,,,,,,,,,,,,,,,,,,,,,
,halshs-00833938,,,,False,,,,,,,,,,,,,,,,,,,,,,,
,halshs-00833966,,,,False,,,,,,,,,,,,,,,,,,,,,,,
,halshs-00834404,,,,False,,,,,,,,,,,,,,,,,,,,,,,
,halshs-00869848,,,,False,,,,,,,,,,,,,,,,,,,,,,,
,halshs-00932872,,,,False,,,,,,,,,,,,,,,,,,,,,,,
,halshs-00938242,,,,False,,,,,,,,,,,,,,,,,,,,,,,
,halshs-00980639,,,,False,,,,,,,,,,,,,,,,,,,,,,,
,halshs-00981527,,,,False,,,,,,,,,,,,,,,,,,,,,,,
,halshs-01093171,,,,False,,,,,,,,,,,,,,,,,,,,,,,
,halshs-01093395,,,,False,,,,,,,,,,,,,,,,,,,,,,,
,halshs-01128922,,,,False,,,,,,,,,,,,,,,,,,,,,,,
,halshs-01192784,,,,False,,,,,,,,,,,,,,,,,,,,,,,
,halshs-01193303,,,,False,,,,,,,,,,,,,,,,,,,,,,,
,halshs-01193314,,,,False,,,,,,,,,,,,,,,,,,,,,,,
,halshs-01193317,,,,False,,,,,,,,,,,,,,,,,,,,,,,
,halshs-01193321,,,,False,,,,,,,,,,,,,,,,,,,,,,,
,halshs-01193331,,,,False,,,,,,,,,,,,,,,,,,,,,,,
,halshs-01193333,,,,False,,,,,,,,,,,,,,,,,,,,,,,
,halshs-01196227,,,,False,,,,,,,,,,,,,,,,,,,,,,,
,halshs-01196231,,,,False,,,,,,,,,,,,,,,,,,,,,,,
,halshs-01224237,,,,False,,,,,,,,,,,,,,,,,,,,,,,
,halshs-01229580,,,,False,,,,,,,,,,,,,,,,,,,,,,,
,halshs-01229581,,,,False,,,,,,,,,,,,,,,,,,,,,,,
,halshs-01246806,,,,False,,,,,,,,,,,,,,,,,,,,,,,
,halshs-01246925,,,,False,,,,,,,,,,,,,,,,,,,,,,,
,halshs-01246934,,,,False,,,,,,,,,,,,,,,,,,,,,,,
,halshs-01246940,,,,False,,,,,,,,,,,,,,,,,,,,,,,
,halshs-01246943,,,,False,,,,,,,,,,,,,,,,,,,,,,,
,halshs-01249639,,,,False,,,,,,,,,,,,,,,,,,,,,,,
,halshs-01249642,,,,False,,,,,,,,,,,,,,,,,,,,,,,
,halshs-01249644,,,,False,,,,,,,,,,,,,,,,,,,,,,,
,halshs-01249645,,,,False,,,,,,,,,,,,,,,,,,,,,,,
,halshs-01249648,,,,False,,,,,,,,,,,,,,,,,,,,,,,
,halshs-01249649,,,,False,,,,,,,,,,,,,,,,,,,,,,,
,halshs-01295498,,,,False,,,,,,,,,,,,,,,,,,,,,,,
,halshs-01295521,,,,False,,,,,,,,,,,,,,,,,,,,,,,
,halshs-01295544,,,,False,,,,,,,,,,,,,,,,,,,,,,,
,halshs-01295558,,,,False,,,,,,,,,,,,,,,,,,,,,,,
,halshs-01418064,,,,False,,,,,,,,,,,,,,,,,,,,,,,
,halshs-01418310,,,,False,,,,,,,,,,,,,,,,,,,,,,,
,halshs-01468043,,,,False,,,,,,,,,,,,,,,,,,,,,,,
,halshs-01475018,,,,False,,,,,,,,,,,,,,,,,,,,,,,
,halshs-01475025,,,,False,,,,,,,,,,,,,,,,,,,,,,,
,halshs-01475032,,,,False,,,,,,,,,,,,,,,,,,,,,,,
,halshs-01475048,,,,False,,,,,,,,,,,,,,,,,,,,,,,
,halshs-01475053,,,,False,,,,,,,,,,,,,,,,,,,,,,,
,halshs-01475077,,,,False,,,,,,,,,,,,,,,,,,,,,,,
,halshs-01501479,,,,False,,,,,,,,,,,,,,,,,,,,,,,
,halshs-01566962,,,,False,,,,,,,,,,,,,,,,,,,,,,,
,halshs-01567013,,,,False,,,,,,,,,,,,,,,,,,,,,,,
,halshs-01582542,,,,False,,,,,,,,,,,,,,,,,,,,,,,
,halshs-01592817,,,,False,,,,,,,,,,,,,,,,,,,,,,,
,halshs-01615271,,,,False,,,,,,,,,,,,,,,,,,,,,,,
,halshs-01700384,,,,False,,,,,,,,,,,,,,,,,,,,,,,
,halshs-01700488,,,,False,,,,,,,,,,,,,,,,,,,,,,,
,halshs-01704465,,,,False,,,,,,,,,,,,,,,,,,,,,,,
,halshs-01711029,,,,False,,,,,,,,,,,,,,,,,,,,,,,
,halshs-01807914,,,,False,,,,,,,,,,,,,,,,,,,,,,,
,halshs-01807918,,,,False,,,,,,,,,,,,,,,,,,,,,,,
,halshs-01811233,,,,False,,,,,,,,,,,,,,,,,,,,,,,
,halshs-01842078,,,,False,,,,,,,,,,,,,,,,,,,,,,,
,halshs-01894703,,,,False,,,,,,,,,,,,,,,,,,,,,,,
,halshs-01894705,,,,False,,,,,,,,,,,,,,,,,,,,,,,
,halshs-01925359,,,,False,,,,,,,,,,,,,,,,,,,,,,,
,halshs-01972707,,,,False,,,,,,,,,,,,,,,,,,,,,,,
,halshs-01972710,,,,False,,,,,,,,,,,,,,,,,,,,,,,
,halshs-01972713,,,,False,,,,,,,,,,,,,,,,,,,,,,,
,halshs-01972720,,,,False,,,,,,,,,,,,,,,,,,,,,,,
,halshs-02002470,,,,False,,,,,,,,,,,,,,,,,,,,,,,
,halshs-02103285,,,,False,,,,,,,,,,,,,,,,,,,,,,,
,halshs-02181882,,,,False,,,,,,,,,,,,,,,,,,,,,,,
,halshs-02181903,,,,False,,,,,,,,,,,,,,,,,,,,,,,
,halshs-02181915,,,,False,,,,,,,,,,,,,,,,,,,,,,,
,halshs-02181923,,,,False,,,,,,,,,,,,,,,,,,,,,,,
,halshs-02181937,,,,False,,,,,,,,,,,,,,,,,,,,,,,
,halshs-02181950,,,,False,,,,,,,,,,,,,,,,,,,,,,,
,halshs-02181957,,,,False,,,,,,,,,,,,,,,,,,,,,,,
,halshs-02186843,,,,False,,,,,,,,,,,,,,,,,,,,,,,
,halshs-02189179,,,,False,,,,,,,,,,,,,,,,,,,,,,,
,halshs-02193877,,,,False,,,,,,,,,,,,,,,,,,,,,,,
,halshs-02299122,,,,False,,,,,,,,,,,,,,,,,,,,,,,
,halshs-02299612,,,,False,,,,,,,,,,,,,,,,,,,,,,,
,halshs-02299796,,,,False,,,,,,,,,,,,,,,,,,,,,,,
,halshs-02319356,,,,False,,,,,,,,,,,,,,,,,,,,,,,
,halshs-02319363,,,,False,,,,,,,,,,,,,,,,,,,,,,,
,halshs-02319364,,,,False,,,,,,,,,,,,,,,,,,,,,,,
,halshs-02319810,,,,False,,,,,,,,,,,,,,,,,,,,,,,
,halshs-02464640,,,,False,,,,,,,,,,,,,,,,,,,,,,,
,halshs-02464653,,,,False,,,,,,,,,,,,,,,,,,,,,,,
,halshs-02470238,,,,False,,,,,,,,,,,,,,,,,,,,,,,
,halshs-02472134,,,,False,,,,,,,,,,,,,,,,,,,,,,,
,halshs-02472137,,,,False,,,,,,,,,,,,,,,,,,,,,,,
,halshs-02472147,,,,False,,,,,,,,,,,,,,,,,,,,,,,
,halshs-02472154,,,,False,,,,,,,,,,,,,,,,,,,,,,,
,halshs-02472303,,,,False,,,,,,,,,,,,,,,,,,,,,,,
,halshs-02472416,,,,False,,,,,,,,,,,,,,,,,,,,,,,
,halshs-02475183,,,,False,,,,,,,,,,,,,,,,,,,,,,,
,halshs-02475644,,,,False,,,,,,,,,,,,,,,,,,,,,,,
,halshs-02475709,,,,False,,,,,,,,,,,,,,,,,,,,,,,
,halshs-02475829,,,,False,,,,,,,,,,,,,,,,,,,,,,,
,halshs-02475888,,,,False,,,,,,,,,,,,,,,,,,,,,,,
,halshs-02479825,,,,False,,,,,,,,,,,,,,,,,,,,,,,
,halshs-02530943,,,,False,,,,,,,,,,,,,,,,,,,,,,,
,halshs-02943484,,,,False,,,,,,,,,,,,,,,,,,,,,,,
,halshs-02965588,,,,False,,,,,,,,,,,,,,,,,,,,,,,
,halshs-02965708,,,,False,,,,,,,,,,,,,,,,,,,,,,,
,halshs-02965884,,,,False,,,,,,,,,,,,,,,,,,,,,,,
,halshs-02975192,,,,False,,,,,,,,,,,,,,,,,,,,,,,
,halshs-02982219,,,,False,,,,,,,,,,,,,,,,,,,,,,,
,halshs-03007601,,,,False,,,,,,,,,,,,,,,,,,,,,,,
,halshs-03066959,,,,False,,,,,,,,,,,,,,,,,,,,,,,
,halshs-03067906,,,,False,,,,,,,,,,,,,,,,,,,,,,,
,halshs-03083992,,,,False,,,,,,,,,,,,,,,,,,,,,,,
,halshs-03083995,,,,False,,,,,,,,,,,,,,,,,,,,,,,
,halshs-03083997,,,,False,,,,,,,,,,,,,,,,,,,,,,,
,halshs-03083998,,,,False,,,,,,,,,,,,,,,,,,,,,,,
,halshs-03083999,,,,False,,,,,,,,,,,,,,,,,,,,,,,
,halshs-03137452,,,,False,,,,,,,,,,,,,,,,,,,,,,,
,halshs-03203935,,,,False,,,,,,,,,,,,,,,,,,,,,,,
,halshs-03204150,,,,False,,,,,,,,,,,,,,,,,,,,,,,
,halshs-03204205,,,,False,,,,,,,,,,,,,,,,,,,,,,,
,halshs-03204625,,,,False,,,,,,,,,,,,,,,,,,,,,,,
,halshs-03242897,,,,False,,,,,,,,,,,,,,,,,,,,,,,
,halshs-03242922,,,,False,,,,,,,,,,,,,,,,,,,,,,,
,halshs-03274055,,,,False,,,,,,,,,,,,,,,,,,,,,,,
,halshs-03274064,,,,False,,,,,,,,,,,,,,,,,,,,,,,
,halshs-03364126,,,,False,,,,,,,,,,,,,,,,,,,,,,,
,halshs-03372711,,,,False,,,,,,,,,,,,,,,,,,,,,,,
,inria-00550591,,,,False,,,,,,,,,,,,,,,,,,,,,,,
